L1,L2,L3,L4,L5,L6,L7,L8,L9,L10,L11,L12,S11,S8,T1,T2,T3,T6,S9,S10,T4,H1,T7,T8,T9,T10,V1,V2,V3,V4,V5,V6,V7,V8,H6,S2,S1,S3,S4,S5,S7,S6,T11,H7,H8,C1,C2,H2,H3,H4,H5,T5,H9,H10,H11,H12
0.005476528083128643,0.0,0.0,0.0,0.0,0.0,0.0,0.0,0.0,0.008500179916060007,0.0,0.016253835019943864,0.9775228209758267,99.88385971737338,396.61409028038116,179.45389319937402,673.9619394561237,4.199027751478918,0.006320353706581932,0.0,3.0634640682660295,0.1996769521904688,1.2541809984461727,22.254756945901818,0.007994798018573565,6.954702247276981,45.07786635723614,31.600265642534904,3.5785757527199578,0.043709893763316646,0.059942403568943536,0.0,19.648829068443757,0.0,12983.261788186543,0.02353933583611504,9037.324259325083,0.6227823054621261,0.2390556791327743,65.72894376215793,0.8060866088464206,0.4353539989197152,0.0,0.0,0.056954376706443745,2680.940061615941,3.0456624842990716,8.579016693298644,29.018829643998686,3.646601702055107,0.5318577539603689,34.23889276241282,19.603890740794398,0.05523962908550368,46445.29925518883,276.3801956046973
0.016640356262537317,0.004072361723141789,0.06964323448756886,0.12368795785562813,0.0,0.007365260698422267,0.007276293910348711,0.0,0.0,0.0,0.01202028059580596,0.0,4.007963598608351,99.82016344077272,716.477570395156,716.2428224764783,2560.7346114621164,11.031872210826169,0.007668239432845912,0.06696542612195786,7.909028238500803,0.2960935191191529,3.359525390874877,52.67036545277634,0.08793558068615062,10.430420570369382,0.04398304986844685,11.837345499362817,0.0,0.050444306838338115,63.06489063832066,0.09449893222011288,4.849668937567064,20.32457283342387,22189.249671873604,0.0,17334.40059862176,0.5072050802870561,0.3352929091278717,39.06124484445587,0.664846389440656,0.2227525696011058,0.036199622774625836,37.74105816119314,37.86936925043266,408.5896565043439,0.9907494561250723,8.447919267507208,27.682428498127894,2.325901130250565,0.18917095067386464,22.110377518745825,115.93117842204235,0.06112892764664946,29785.452245561537,290.7973405034469
0.06798141363757253,0.0,0.013595845365976467,0.053496159958211366,0.0,0.0,0.0,0.008777393499589857,0.0,0.02366484514523675,0.0,0.0,1.0202774835648136,100.00662558487193,249.7875423243619,36.917721956741076,100.06314276251233,1.1690483602561756,0.0213044495653806,0.0,0.8883823063480113,0.32750371903679215,0.3426854501309999,5.868662749362981,0.02722410735824663,2.9420954152969836,44.81747267433449,4.819070229928493,42.52965189674755,0.0,0.4594209610734479,0.0,7.263248599604762,0.09157250155317363,4689.997533626526,0.0,9390.692567044673,0.6777703079188022,0.41440989402510975,119.44336011699741,0.7813355234346708,0.2533808463827042,0.0002589826230393515,0.05325725149759047,0.0,1120.9877494391399,0.9797684370466959,9.506858478025642,24.936928355160187,4.654781938073027,0.7567820271502546,6.22157159513695,16.01245749923607,0.0,19598.8887522174,272.6947579106799
0.5466905213037498,0.025161619226624816,0.11528184186835946,0.44922093101747274,1.041128646060024,0.0,0.007867328383653885,0.048825329453158234,0.0,0.0,0.0,0.0,1.0192606326129676,100.05603428532113,888.4186462642385,731.016700321378,2277.399087437653,22.82708985531782,0.0,0.055412880086144645,15.809504888407941,0.3407440745001289,6.899292549548721,81.43286479010054,0.0,34.41975372532756,77.00559828374011,12.119962603468071,0.30612603832211954,0.0,7.779059740120465,0.4192657173381165,1.9272328788427344,0.21230705185899482,5006.47382707261,0.052857031424365916,7912.585319705614,0.45172901821366906,0.0,24.94318176925064,0.6443204854232971,0.37919530666689194,0.0,0.0,0.0,1640.4508647234143,6.0134206636847285,7.254344053035602,26.876189691806324,2.4647716446256855,1.155325409312492,16.030204593164747,142.03401180352517,0.0,10896.15579242882,287.45975600248465
0.11717634761945775,0.059917407775728564,0.0,0.0678672374956583,0.08001696442505915,0.059767633652464784,0.03753315837888256,0.07754763666359307,0.04413134232110136,0.028936180512162204,0.006707515045492694,0.0,13.931363538006169,99.99898421780436,175.3558517929426,180.3926302291236,422.3349505327141,2.1945726505357874,0.0,0.03509298047551925,1.7563234355451045,0.4257744348265999,0.6933673811240365,15.758243478473513,0.0,4.469410921655608,34.32109917667066,33.82510133711012,27.222706877042842,0.0,0.010205115583469586,0.025134655291059918,4.624685302550838,0.04334438250941962,9126.045384946388,0.04632331170084798,10986.647937846941,0.7049889069692145,0.5194574656426668,60.91206823335812,0.7347649765088007,0.41558342327626063,0.005230854124809733,11.170498601363699,11.16230256689902,2986.002426584151,1.0393738638644923,9.123761973171442,32.66877461207421,4.059704524313244,2.2132176954545044,11.05263941121702,38.298920700514046,0.02491690061019556,29128.025386163656,271.32919176697425
0.0,0.0,0.02231267549786223,0.05749704153045429,0.02684360813199224,0.0,0.0,0.002372426531810253,0.0,0.0,0.0,0.0,1.100389085890651,100.00135554765694,166.58217188944337,166.96037835867918,337.2812139349319,1.4088195200095357,0.0,0.0,1.0579091356872494,0.5043921203635583,0.47742307592298533,7.665655218332102,0.0,2.2789863614460937,12.238251359757726,67.30454207849286,1.9524663395989406,0.1021979381254094,0.0944956883277443,0.02825986029187649,18.684082759088483,0.0,9757.76927553712,0.03375307035459566,12082.571176195543,0.5523384742761628,0.2727616083268095,121.43719049477039,0.6458353255144149,0.2623540796069208,0.006424793532691875,8.984054432380898,8.996176313945229,350.18606712614456,0.0,9.545332791398351,30.317995552020463,4.4579168921583054,2.5143967905962192,12.693839964481706,26.627548421377814,0.0,36077.66988849948,275.2005939041371
0.25633853005710566,0.2876665585889106,0.1832086577424739,0.3423830001471224,0.5154337647027808,0.023322798648470627,0.0,0.2509629483675563,0.0,0.05088979845179802,0.0,0.03835251092463549,9.978307623832372,99.69329692641563,752.127569182788,771.1897027116274,2701.033925637964,36.649626517786935,0.0,0.0,24.226778448472146,0.26916711176316777,11.223980556527053,77.03866608569349,0.011377094497135348,26.18759772053437,56.58104863912658,21.089202513651163,0.012246897765076079,0.0594237483251762,14.827282906447245,0.6293257578809,2.6015520043662606,4.255634260008018,3822.940054233589,0.0,6777.275229847722,0.4654324583661539,0.016460193522988706,58.52053341579334,0.578189164584546,0.21600578777625307,0.07954143213003469,42.788595871103674,42.734608910305866,1855.81751157297,5.9853702625046195,6.791051538191435,31.25784868796328,3.0132995397820963,1.1478373124996137,26.261327224609765,102.92403342879587,0.04175121136892929,7588.034484018265,287.4527705591568
0.006455180232923648,0.0,0.05887865876961436,0.0,0.0,0.0,0.001235897709594036,0.0,0.06345405647372679,0.0,0.037501987465538573,0.0,310.93504201077195,87.43198778821983,433.3520615533118,434.81573545581927,1139.7302237649774,16.234757523068428,0.0,0.0273738359946196,11.367289009897938,0.3180870889152334,4.937936836594834,69.52707603808317,0.041420882221053404,17.018065828990217,0.07383655422442369,53.0493388891492,0.0,0.0,30.269470723597426,0.0,13.099910030308427,3.6471001227972923,12104.118936939292,0.010198579581646067,4121.412208571228,0.6987196364348613,0.9176561605767463,127.83230331808868,0.885650264119725,0.4234000868458477,0.0,77.62952140016236,77.54904501835605,595.0265203637201,0.021176673431615764,7.459818962371493,29.093284901036935,2.131130949080266,2.2772187467509513,22.076024019246915,51.60214713948637,0.09764075247747407,32416.848101243508,276.5303926562038
0.0,0.0,0.0,0.0037256192548166924,0.0,0.0,0.03474574054556952,0.0,0.0,0.02817267608006196,0.013292482425414224,0.016432974908615724,1.0312919328767856,100.0228320763654,559.9643457346235,404.03359283314256,735.0235201626849,5.576710776075572,0.047048118233908344,0.007129933604778718,4.1803981187005625,0.5574878214768436,1.771947751557999,16.70518628721834,0.06632581947033549,4.660638752660213,65.60948554428849,20.371533270494382,0.38784800338817055,0.0,0.0,0.0,13.59540560700923,0.040692063463027846,7770.272846475971,0.040935257157164215,11572.241433003896,0.2947319979313173,0.027013318807489792,132.2320527056408,0.46213323538294315,0.1933072195175155,0.04541897350011198,0.0,0.0,4169.2039199327155,0.037349801917767364,8.32789868960098,26.974446353534873,3.190018829590492,1.3010845784846525,18.656306151769034,39.31458095521913,0.005899168544627077,25733.277927861123,300.3040644946694
0.2353073262982841,0.14866479118948805,0.46855093777436874,0.13803464337324522,0.1296660713473664,0.036778344915128595,0.5893543279557797,0.2285915395313911,0.0,0.0,0.09143126312209125,0.0,1.9895888645193625,99.95498933865218,83.5571958807956,84.63644754719525,347.6115776638098,4.46961238199403,0.0,0.13766264554016036,3.2073711910480562,0.21513895218089432,1.4320433557338794,16.809739299102812,0.08517882974937215,7.569928401451667,79.59150151944607,1.9900523832140846,0.4045526116351217,12.905088285435077,0.0,4.013788591037916,1.3295548047787298,0.0,1195.2441145270104,0.02550083180889306,3132.1422327938467,0.5625431957918582,0.6909817639511181,58.42326447946468,0.7400144061970676,0.31318834178075655,0.09411553263837198,56.76441733137793,56.73943100189346,1611.0986418064592,0.942787259186769,8.28585029639442,28.745392177319637,4.145332430259114,0.790337689082098,10.332579306731741,33.39719122396969,0.0570966168484005,4529.735961288877,279.3317381251446
0.046119937454579825,0.00924065872706787,0.0,0.0,0.0,0.0,0.0,0.0,0.0,0.09922011450220992,0.0,0.0,11.002973954177499,78.94534112593723,677.0352232082499,687.6427395066452,1990.1895980104143,44.98369878308795,0.009424153426301414,0.0025244364472785615,28.81206923651581,0.3147131418254903,13.639566362774508,77.71343125309369,0.01628614874155042,28.91100561974768,56.86276795129401,17.15687718007706,0.0,0.0,16.243540346308862,0.0,3.8901860491083764,5.8539326693937594,2665.7653869281244,0.0,5260.2585649061875,0.48155241732604576,0.0,27.523363045887635,0.6151520371715453,0.2707872179179566,0.0,82.85268094837552,82.86878871046996,1546.798424417603,0.0,6.578591826080147,28.16260208351577,1.46077209872066,2.247565574301923,77.3560538328099,25.791235186396335,0.0,6702.226107706771,277.2041413460992
0.9084158876396987,0.0,0.07487158415898132,0.09288511717688663,0.0,0.0,0.10479217509045796,1.0797221195874598,0.03394734938811165,0.0,0.0,0.0,1.016542565230779,100.07255007190656,440.4057956520569,195.84573679615076,699.379982022501,3.3790765270006577,0.03330660379294582,0.07332741896393015,2.377179922524322,0.27820872106467687,1.006110488432039,17.708828938731727,0.016882316880245996,4.799745460579221,49.59799611277471,17.988385969447524,13.75202714675374,14.416153910082809,0.0,0.5850391818277088,3.5516393371470083,0.0,3483.264436914751,0.05988161102568654,6545.049339290992,0.691783048842554,0.38542373441028516,65.95221590063578,0.8274269828389041,0.4467108777380657,0.0,0.07881447392869734,0.029254573296634195,835.6363720971804,0.9364969455643984,8.692673434715086,27.898746114125277,4.268725492673576,1.979796652584194,15.583272303405039,44.828996110150854,0.06656877309942016,14448.261678375107,274.5373188490222
0.02621012865235889,0.0,0.0,0.0,0.007363992788373948,0.04307091799381285,0.002159208810838636,0.002535362693183718,0.011889868156952968,0.0,0.0043442569938905795,0.05629160895058754,88.9958044550608,69.43659774366078,155.91886412976166,159.76320999068957,862.8490232336585,15.565143024739559,0.0,0.0,11.123350273485766,0.23651583477368357,4.668904732150075,29.921891166837646,0.041689734473592394,7.7237654643881895,79.50231313904993,13.067595147518409,5.109043543096212,0.004082136721057962,0.3581148401823277,0.06086524294585982,1.7874638004726704,0.007958263016069413,510.8569139403053,0.0942774330404362,1525.8146202398766,0.20599563157963807,0.008695528455965822,50.203591795669325,0.4669206408054549,0.3561848567603638,0.047611821921831415,100.01018461392383,100.04619871670837,1607.987480533169,0.01981387699434359,7.377313933949576,19.49166597224124,3.8265360105051687,2.0023067434817254,73.3654112488405,11.732288816052993,0.0,1992.556344477878,275.47089570265945
0.5119368962645678,0.0,0.5007347047772184,0.019308324899919436,0.49226548344327226,0.03569387220450688,0.5049507224743629,0.0,0.0,0.040545688630784824,0.0,0.04577014852424685,1.0611355896415966,99.91656430688269,115.04743631936506,116.09936663492223,307.4926124880601,2.968238007264741,0.05124013521845793,0.0,2.1425198081768935,0.31129002351884455,0.9046024894265225,41.34435263978223,0.029084808146323467,18.238821926179877,83.35125989109322,4.023369662166325,8.444775367299567,0.0,0.5300016893656164,0.40664949791373894,3.238915958684749,0.08117646054459032,7903.454180929404,0.0,14004.651312986134,0.6515146999137233,0.05130562675084091,73.76649357010737,0.8270014315463662,0.08336928802200638,0.04618093277894243,0.06992419965346607,0.03905876681437996,1559.046805585557,3.0070557248352796,9.002983699992797,28.47573863137394,3.342492335596658,2.4144772770574647,3.5102709794622236,90.95146938179869,0.0,25562.462138490355,275.91741074626873
0.8005137293418008,0.0,0.06892336777269041,0.21642438965097271,0.7472610819830587,0.0,0.00036813407117835677,0.17607265315006004,0.0,0.0,0.03469616165956291,0.03582946698798258,0.9134868634757828,100.06669428727503,541.232268156321,109.49968191933681,259.7812682869888,1.0048991215501524,0.0,0.0010057203434549195,0.6390854666315962,0.48825738102262073,0.28245316575633944,5.849518989210577,0.0,2.524290744987693,8.049653631952742,6.392391265989234,1.6517901910069757,72.47529811033552,0.06275728941874519,4.105116373828548,7.086593159751235,0.0,9610.452984578298,0.0,16400.134002383355,0.2978421215654868,0.1783114404595394,141.47019802560382,0.5222070004945342,0.14522161148413248,0.0,0.03063953707916449,0.0,931.7891420596432,14.002918514540895,9.681445551438152,25.46025860365785,3.93592730105475,1.2020011475426184,7.136806490016088,36.442398607798324,0.09493844906776194,33088.862640824016,293.22078932140124
0.006719372093974042,0.0,0.0,0.07035496445805565,0.04912194153644539,0.0,0.0,0.028362085340345206,0.04676343776220995,0.0,0.0,0.0,0.9334325279312393,99.98901281259892,1390.3679666229896,834.3619671942006,1779.0479290468818,21.557838323931293,0.03441610404225382,0.0,15.205449216094268,0.49236655648228245,6.536511672268515,30.718955363337713,0.0,7.624478502595642,77.21886636485253,22.364727523932224,0.0,0.032596670051501415,0.1586406139885642,0.1940349316155896,0.06311731598766433,0.10642338842508002,2052.4324592036282,0.0,7539.119516645568,0.39703477896295825,0.20108931183056766,40.48377503748981,0.6318947849056334,0.2277175145165067,0.08680254117510884,0.05801053840535474,0.0,839.1986322228117,0.0,6.9926649195565975,22.460183873600904,3.1924041848232325,0.9792404673151804,43.415978466874655,40.91387833932213,0.0,5529.5989510135805,279.03711967959555
0.0,0.0,0.0,0.0027258287056129123,0.08342873368093108,0.0,0.0,0.0,0.0,0.06305460059759434,0.0,0.0,1.038049769190287,99.92152206966144,564.4558548110747,115.78946660382972,374.3257882819065,2.3131038770449623,0.0,0.029940540884114433,1.683925044206667,0.24719403903888693,0.6832985556865915,9.415575502751675,0.0,4.3182152207657385,47.37691078012344,9.138683990006754,12.626652975029089,19.35823784383593,0.03628254063442261,1.4386894915619746,10.236811656975062,0.0,6396.225940719754,0.0,10351.79265751013,0.42331353694728974,0.026892427141624438,34.07990916119063,0.6442618928679726,0.3416038858663675,0.0,0.05249923559576101,0.06880963913679193,709.1744694178203,4.029362234826734,8.705748395338906,25.48298078261089,4.206796715510645,0.650107318094165,40.546200598427696,9.239854827203022,0.0,23677.989273753767,296.3993648275459
0.0,0.020237542949818065,0.0,0.0,0.0,0.062159600957242794,0.0,0.0,0.06053788698087953,0.024708814471187678,0.008956390688947815,0.0,1.0015252407250215,99.97310854657734,1781.7978146934465,590.608924926235,1947.5703327798187,22.431939183389193,0.015019457190134802,0.007569859290070185,15.150015381390418,0.2902640605007054,6.816138442447271,72.21201308353045,0.0,16.511891501468856,47.07172911394499,26.149848025778226,0.1308857047931985,0.14210699463175888,24.511208974242688,0.857408163589824,1.123578722945228,0.0,932.5453527638231,0.0,4411.2363273511455,0.40994768586354036,0.12463774688773711,129.09977302337794,0.6747987927319798,0.13652073507377932,0.09915523569009492,0.015560379708638605,0.03359938700682478,965.5471280305211,7.034530876107281,7.256927591978153,25.319502141406893,3.217051897073962,0.13283928475507917,25.411503114110836,76.58155432428704,0.028601411869634212,1737.422823203744,307.54764903607514
0.0972344634443149,0.0,0.09671281238778126,1.0046730054030422,0.0,0.0,0.0,0.9829088217269656,0.013899163851780517,0.031124826973660643,0.013300809128835933,0.0,1.0669756238456234,100.13369015537437,232.0473156493019,47.877944455448514,201.21954663667088,3.3032805347874206,0.07583165545448285,0.0,2.3579121072815057,0.2946925645750447,1.0447841047492799,11.020672774338163,0.033606428950746454,6.719138649063088,34.86531202307342,1.9454499207652955,0.8015031875848622,45.81401497472698,0.4862543334117869,9.096721263789895,7.013035364538726,0.05058268351144804,1737.982190764355,0.0,5882.669220315391,0.4613776664735838,0.3152762237217559,38.761364804739074,0.6113056392673683,0.13525212797772904,0.0,0.0,0.00021357903503239765,535.5642462396889,11.947963202748085,8.698416555558705,26.92445923894286,4.591410787441486,0.8703971601902806,4.269843232771801,46.594599242934194,0.003633785132423054,7719.707278200505,284.56789010457715
0.0,0.033559599586359984,1.035570748460232,0.00024906519697941615,0.0,0.08573924668329796,0.9893663571655241,0.1354638324235518,0.03262678481760975,0.0,0.022391093824900205,0.0,5.051307120161798,100.07421674187647,523.8699589263078,525.3167167495087,1019.6424760938604,10.445618211458152,0.10358002170827683,0.019142046129778236,7.641542266210776,0.5235216238442332,3.1943771229398115,51.41668795830801,0.05997320915025432,10.55333920709449,70.87091433793807,15.278460169687179,4.21577479476743,0.0,0.23439807793089712,0.06419601252981091,9.346606684622849,0.0,15407.30668420321,0.0,12322.480298402315,0.4931221328341889,0.2832422207760354,124.99326062483759,0.7172072027376628,0.2514117147441695,0.1410590288058568,4.833618141790925,4.722951781979715,1425.2919632705452,3.156616307540423,7.666307509933571,27.999524292604082,2.6436557479852714,3.320412571109271,17.39427863397347,58.3530292204838,0.0,43080.268919456204,276.4784276478783
0.021673183709676327,0.03336972190289175,0.0,0.0,0.05536552669696712,0.0,0.0,0.0,0.0,0.027896889076218685,0.0,0.001238887324838061,1.0123058864725203,100.01981339582828,33.58580728981051,34.1004594015157,74.68469832244708,0.4888204883837522,0.12366923516252568,0.0,0.3798845584672716,0.48989200488589424,0.24489625660971204,2.0579123921532654,0.0,0.5867809204604195,21.719655311075147,7.768094650676948,58.43862220317422,0.0,0.0,0.0,12.053110666682942,0.0,3529.180538254871,0.021327805208620144,12010.143443475978,0.32023297814246265,0.05961695384604875,39.646614082031114,0.47388573059305583,0.1399325384966247,0.0,28.63704270152334,28.595233824665186,574.9988979034679,0.0,10.261150170369712,29.72237166934439,5.649101296503015,0.4877962572293151,1.4391826418981637,51.39993256804482,0.0,13556.656065696603,272.9982738191319
0.9641040554626199,0.0,0.05898626041803551,0.009705381547667886,0.4734392852696201,0.02419383255940199,0.0,0.0340679755221474,0.020430365385088384,0.0,0.0,0.45566595388582715,1.0267408668172955,100.06144902512445,1012.6795096126485,696.7031973351776,1898.4434086490699,20.646271303467138,0.0,0.0,14.48897622126052,0.3336110221765557,6.282470769416319,56.51661926907968,0.0,12.416868432368247,48.37965674110714,31.082884329302676,11.182624757863739,0.0,8.423687607174129,0.34941688891042244,0.4607489094143568,0.019149449237046423,7584.846120857004,0.0,14172.313060360832,0.2789698252728144,0.16276343198372947,131.08931188532182,0.4601623530250706,0.28508483248805544,0.0,0.014366445220150466,0.0,739.3787881833301,3.971508353588062,7.38556607877865,27.326818855166415,3.3890881203760883,0.2691079997557373,12.775611653047982,147.9303304571002,0.06285909084312864,9245.825212245649,307.2559265809105
0.0826959470345299,0.0,0.0,0.0,0.01777818445867164,0.0,0.0,0.0,0.0,0.0,0.004265443232096917,0.0,1.0274796346752817,100.00736149381906,738.2984267142111,640.866883761391,2000.3839060766068,18.895543413200336,0.03646536579531853,0.04923265597601082,13.371275808147338,0.3743572772188907,5.83967686820748,55.0434704092132,0.00919392705317749,11.407839780889253,82.87868057126421,6.777403028701761,0.3303808724589981,0.0,6.333937798953658,0.2869833938981556,3.2948839691659226,0.0,2399.5985785890466,0.061045158754171894,6080.165102292224,0.3973861554212171,0.3605212209668081,36.768275430485545,0.6624605395420404,0.31656357172220295,0.051309357599589316,0.0,0.0,2038.3300810594862,0.0,7.138227188505235,25.054780718339643,2.9686794421225993,0.3536476499834675,57.93207806433239,34.56900298361217,0.024757412738295598,7061.845526671184,279.06922509284755
0.0,0.0,0.0,0.0,0.0,0.04215346505295966,0.023484224054541175,0.03992257109297271,0.016843734518638697,0.0,0.021155152591958565,0.0,4.984412333048283,99.93669494725908,470.78878011039643,471.4705150423677,984.3960088697753,8.150513144498776,0.054099806579103994,0.0,6.003183533678354,0.4248800444649012,2.4020742847428425,34.641262379313446,0.0,8.221434799968048,5.971474559729926,81.3179180389569,0.10115371366185658,0.0,0.5959996198815775,0.06032719318708783,11.90505258697323,0.0,13443.211774412328,0.030650167452436327,9893.974338272727,0.48931612215600545,0.3303824909452764,134.0200473215977,0.6203640324765565,0.2903657923284617,0.0,13.325173468180802,13.32019671354149,2149.0497973881334,0.9673049621452727,8.185970194709947,31.196502269744354,3.1230704699043357,2.136080280607466,15.189118333790107,64.40424781390853,0.05208662787604895,39875.947865810434,277.4992908463372
0.024273086146228386,0.0,0.0,0.9350057542513959,0.0,0.007505898367991146,0.0,0.9774767750063573,0.0,0.016862073075160404,0.0,0.0015539759118630963,0.9100422087983769,100.00252524452432,264.2453563497706,51.65250248838393,162.3042379858401,1.2337004691125468,0.0,0.0,0.9547706262280027,0.3239550284248854,0.32292384798493434,6.677686086678033,0.0,3.9388310531433923,41.323455209410355,7.989217627913768,22.513274546394392,25.255336270809156,0.05167681754089386,2.2799203742737517,0.4092590271262007,0.0,3208.7667465123277,0.0,8682.702781601894,0.6628058485189524,0.15570674859227387,160.2008348048636,0.8120034403810952,0.2698543567640376,0.08196823853408221,0.017403994184924602,0.0,1163.4859595904843,4.937596202370509,9.741392610187612,25.88557723151133,4.93277082240493,0.38034090585844016,5.046044760376132,33.042835482842236,0.0,12281.3448633596,272.72423726519247
0.0,1.0724260680520796,0.0,0.023922934461806697,0.0,0.02050709783425829,0.0025069012578532507,0.3188384085361454,0.019426093662572707,0.0,0.0,0.0,77.94760706875596,86.36357892210395,660.5329713033174,671.3091962654695,2270.5422220532905,40.79822100778017,0.03734647383801209,0.020322587057439074,26.38375140016029,0.32497627626254877,12.357155046960385,77.06520134895625,0.02740918699365026,18.08152291928665,73.62525871955928,11.002444792534828,0.01906933229584519,0.0,8.408867682887745,0.031088022106155456,3.689024666031467,3.2817786644255116,2981.8841205164804,0.0,4228.250009513719,0.4811076700053463,0.12838321075104267,57.333014467636524,0.7161398723076702,0.23326362178506574,0.0,99.60297988057894,99.65374695968613,2546.462171603867,0.09436067150824158,6.542662491611362,29.501847650349397,2.6976221254194575,0.3653892375753326,79.37424000040345,28.52638493495705,0.08793953697053693,7401.969314888075,276.83589645013956
0.0,0.0,0.0,0.0,0.0,0.0,0.0,0.0,0.0,0.0001836952078524878,0.0,0.0,1.0965472672305854,99.9899453727049,292.7285096833666,269.187875510476,523.3801198440503,3.63927842861093,0.13340648700320698,0.0,2.6665537214654087,0.5055636389913452,1.0974669566788857,16.41442468199588,0.07329535434231724,4.315383259443685,0.0,78.61048188157606,0.07110837173726813,0.0,0.0,0.06409165371472907,21.48630595010683,0.0,10166.485012455474,0.0,11161.615772984109,0.37719707429179405,0.19618424725189804,135.63278195959816,0.710880333585862,0.1739358933534005,0.0,0.0,0.016443711381007725,813.5193666702197,4.890101637624014,8.832698768563636,31.47419862784135,3.5208933443918426,2.1713757140233287,17.17033776212707,30.435088250071182,0.053060610884096894,45943.71084521175,277.79882113337305
0.19139843189421654,0.0,0.7199905356618921,0.035326038671031366,0.7914414402379233,0.00853527413772534,0.15495941294943183,0.0,0.0,0.0,0.0,0.0,1.1364249872648304,99.93182978763312,229.61630635034714,65.04307662857879,175.1657116281691,1.6563571295926134,0.008562263388415165,0.0630762895401192,1.1827960790507854,0.36450946406271045,0.46764674279674984,11.582452203411677,0.0461616933025112,7.253649178112579,18.13189818641053,0.11720261157632483,0.19271731716971655,71.71859252429034,0.26158665691740884,8.990475715109744,0.6259565377101171,0.07494792313337659,3976.255002944618,0.003759019495419224,7081.300863548046,0.5887000053152518,0.4789141732458834,64.72867391858009,0.7838544724159012,0.2592354006602132,0.0,0.21491460536183396,18.183261675479816,1930.669599578809,32.977680075059226,9.29575124393966,26.31286908905602,4.330855061632802,0.7354788117810975,1.6689195184394638,106.13711296280488,0.03208306162206043,18009.384300744103,277.61967623432713
0.0,0.04576436627466407,0.12553717352738364,0.0558101820871774,0.0,0.0629753879978062,0.08564513251554018,0.0,0.061242738068126516,0.03848410093716026,0.059405952832824994,0.04066437280084503,0.988613549623293,100.10164353220914,237.8320384304291,63.24556684896529,362.879745300752,6.6156498580863925,0.0,0.01965696917611126,4.6702150021051825,0.1409962133449678,1.9977362300686117,28.67610552567142,0.07237785870233726,11.235357767593516,70.95862124491224,9.999826653963975,0.10879135522536512,0.0,0.06838018958333689,0.9061855482719535,17.682886615460387,0.06063879308517851,1839.0961771225966,0.0,4028.767988497111,0.41936738725918526,0.006011087101172541,51.3240688180416,0.6679001043566973,0.26530549329939834,0.1044805794210566,0.005643938182629186,19.847681723021125,2474.035473817833,2.046376379401785,7.795822176150302,23.825911488914585,3.1050574511562785,0.6873322425762252,21.665650465105827,16.707602569326248,0.0,8749.97896231389,274.72267540124375
0.0,0.0,0.0806135060816814,0.044515429369569974,0.039534037913897965,0.0,0.0,0.05943093579144576,0.0,0.004200677406086479,0.0,0.0,1.0840392826432101,100.03596353207882,863.3576798113897,763.1043779740081,2274.927437581888,22.692938144604803,0.0,0.0,15.838614203466395,0.26818217844852354,6.89392713956906,53.86754458168473,0.049349533876024004,10.798004052966954,37.51543931799132,27.22955079174218,5.474566046152097,0.02187394946405625,26.52865775811788,0.02128202564434107,3.3249417164139143,0.06877071817469375,9343.876509094936,0.00016944650728626922,14359.888310452105,0.4208074090259646,0.1553356869108023,136.93703757498986,0.49348767976596164,0.08997776321511348,0.05105579106528283,0.0,0.0,654.6442057183549,1.079350463993804,7.257051041274565,28.360127586855896,3.473579130436299,0.5509630793804093,11.962648396352904,190.4739341269184,0.0348311890677345,10860.60339604657,334.57456926300324
0.0,0.0,0.0,0.045725160867591624,0.03647269449089206,0.0556507330983734,0.050493793689539816,0.02029369628512921,0.016333924915484986,0.012666538005330888,0.0,0.0,0.9655201326940049,99.98369853417212,1639.1845607027628,699.3947210869242,2089.324486760803,26.290073824936012,0.01667626929578898,0.05976679688922665,17.886959045380646,0.3854184716917306,7.997984528898958,74.04694493683175,0.07280616471932862,16.717888878998952,55.3551884124836,38.19486539087216,0.0,0.0,5.185105858165576,0.48181648537762223,0.8707386317781114,0.0,4060.381134894656,0.0,9722.966366445999,0.5307075364875791,0.01068579542283641,152.35319001754394,0.6079162902801096,0.14908627465128826,0.03116471244574554,0.03724804054747024,0.0,518.5935085442608,5.006444995670817,6.989580960106923,25.232347383233222,2.9345081636025796,1.356228114389879,24.44666161074885,85.5776054594911,0.03994716363958979,10231.411368882804,281.5805800268175
0.0,0.0014771941662530626,0.06699389127517681,0.0,0.03142825676708441,0.0,0.0,0.0,0.0,0.0,0.0,0.06883946544716693,54.02404901201105,39.13418169631837,91.54251081537454,93.94127581457221,465.7150069021746,11.707118425016146,0.023115842324356175,0.0,8.46812459732496,0.14472735650252105,3.552078951805781,26.72674113896602,0.01671287949180425,5.807724603827464,83.44732267648362,3.5365045428040056,0.3046539296024852,0.0,3.2155809638514823,0.0,9.346035902102237,0.017366948543373496,350.6130917615851,0.0,1939.8691177150745,0.3702067820813825,0.0,143.71173442812355,0.6519988309363121,0.08737829522399718,0.001897431486863387,86.94280903623934,86.93677461797036,1587.7706115892095,0.017767643910224958,7.315292205119461,23.411740370234476,3.766228812342594,2.2033191752680774,48.76243575040494,9.577826320467503,0.05519397793021706,1393.9799292144912,276.77290455012206
0.5376241688537109,0.22059457005378452,0.30446361234655495,0.019101685285800536,0.29987608311673264,0.014983598866896318,0.06269854227936424,0.4438589907270868,0.04721074201259072,0.009758102357090901,0.08326261169723478,0.0,21.031240891152695,99.11939185868187,100.92369140155536,102.07860851539888,267.5480523506419,3.1802239030489394,0.0,0.012070967818502348,2.315347661792717,0.43996315792896146,1.0227840742177943,9.528121481167629,0.0,4.645393207125999,84.32553765862073,1.8777592486901973,0.07422387624286438,1.3794055234400877,0.0,3.11315493238841,9.30720517666932,0.0,2037.750863881427,0.0,4735.828320613514,0.5238652973513928,0.23928095067757454,121.45582590311218,0.6734538032857359,0.21448853733753973,0.0,37.166590639627465,37.12892436540659,1930.8324531078715,6.0381571150354825,8.735318504511655,28.54377831611505,3.6268577927875882,1.213770145106144,7.76031582260254,34.18661774005241,0.012246655085636464,9972.52968015756,280.1161819418439
0.0,0.070737266898411,0.0,0.01680614514727861,0.0,0.0,0.0,0.0,0.01924854906598486,0.0,0.0,0.021893607247467778,1.0671017665487865,99.99885931529761,91.4540681886731,91.20678866051487,394.7370611594317,1.882423390708168,0.0,0.0,1.508114404044698,0.2564096469585952,0.6125310360192509,15.236784267659187,0.0,6.323161125538851,0.023959376539348032,52.696158005632746,0.0,0.0389821926180759,12.352189377493618,0.0,34.92231181670641,0.0,22478.235840790247,0.003084391018210502,17291.72437186056,0.34810346810806936,0.21502879355340024,132.06352481431864,0.44684753530207866,0.25910208942260915,0.06211561881989359,6.064907832375159,6.145671338684585,508.9062540796569,0.0,9.632257490521917,35.055587214713235,3.480603226063682,1.7842691655805782,5.403567448985435,73.68424687986936,0.033811203578917315,79832.95810965968,279.0924689081597
0.3966455108623712,0.0,0.003121585166372147,0.34997643937021083,0.4923287455905528,0.06722169540415023,0.0350565600356459,0.0,0.007179491273974609,0.0,0.04110554236414065,0.007023348786742838,0.9437739160193053,100.00405622917093,397.6932665265142,279.06996601106687,1534.6959451341818,3.1705839416680406,0.03711579809675474,0.0,2.2526466076413802,0.1921638110528731,1.0031819050396427,55.12143679650591,0.011753209735260131,12.77005108095087,65.71868284816384,9.742887707333361,21.081986875334945,0.022624822805134122,0.3176800554579907,0.0,3.092327193316837,0.05024145747416186,18178.417676041194,0.020134931785960253,17175.151157517197,0.14219053772020016,0.05606248785737368,44.444251675185825,0.6144211326048189,0.25101943977320557,0.07421999300345869,0.017621145719215726,0.0,890.5399623228759,10.028286925222698,9.173501301742903,32.516717477822034,3.2029072634477234,0.14488762173727465,6.9628694416911285,221.61503452878432,0.0,66216.3287910798,334.5839432172392
0.0,0.0,0.0,0.0,0.0,0.0,0.0,0.0,0.0558240677210368,0.0033131087448156587,0.0,0.0,78.03567464010337,99.04856276524875,98.81573626537825,102.15006365090626,248.65161909135122,2.135766185276862,0.017048317171451714,0.0,1.6356832577778753,0.4048525577703588,0.5058496191730685,10.628612547872414,0.0,3.0261679079904003,48.20285312119609,31.44269090382891,10.355767511925396,0.02508721727268135,0.0,0.06525542234370335,9.921668658445983,0.0,5030.024627152894,0.03406313129838878,6299.847240530172,0.5390358535212121,0.15603260860509155,65.56424730500142,0.7145764339898878,0.2500725053281948,0.0,41.97559569740135,41.92548932651974,2204.7362093815777,0.0,9.088428858822834,28.342798366361276,4.529107579154058,0.27087745866981006,8.995940394883283,27.802333514349996,0.05789037030471421,16123.021889907446,271.9508190632537
0.0,0.0,0.0,0.00747941427853429,0.0,0.0,0.10850474959381301,0.030884469413167023,0.006050462159940581,0.01818363239194911,0.0073170461874589934,0.0498675328275763,8.9683777903968,99.94267692130369,878.2813101633968,878.097596202077,4651.251466152953,27.510436993004927,0.04947203949044505,0.005728936318574008,17.913243171620454,0.1369310455739238,8.296852632924478,77.86194178044978,0.007518964525718706,20.37690862978891,0.07965468090826253,0.0,0.012485358061126939,0.0,2.5197515896892515,0.05590847074476035,0.0,97.52419907887473,2912.409620944647,0.0,4904.575831289266,0.7243295999173371,0.05280458546448092,169.26831865327404,0.783330844675587,0.22632676645672448,0.0,59.10316944719772,59.014654512357055,2115.082516709504,0.08916149458722594,7.608616516435106,28.811813455780943,2.218126218382234,2.6640675290209996,111.99045446751279,41.645321309704705,0.031045560795337365,6831.06003368845,279.3357612493716
0.0,0.0,0.032492868705681424,0.0,0.0,0.0,0.011649012747795414,0.0,0.03412399853742822,0.01787290701361507,0.0,0.0,0.9749618642481954,100.04900012946531,436.4736212779943,258.89271735757785,463.7610496867864,7.914704451913923,0.0,0.0,5.659243801694921,0.7065467601863838,2.426124400859873,32.75300936551726,0.0,9.661987150167787,89.60615946566273,2.6685525778607317,0.5956818106943004,0.0,0.0,0.2980446348694356,6.760646009848377,0.006336011617111258,5725.292649534393,0.03551604438442478,6969.603548829098,0.5240466930439369,0.0,120.4368909307885,0.7174797537304162,0.24452601076673108,0.0,0.059477729095090935,2.2812494294971395,2549.7690209838947,2.0388332508702334,7.764251223682431,25.641851443796373,3.2414105000093727,1.8889166314221901,13.13357242250197,35.193627418696195,0.0004452286318508587,19884.42475110052,274.00295346668275
0.03913740356149269,0.9949311344325121,0.06290834062419552,0.04329245177587429,0.0,0.0021572009820230837,0.9079120147408388,0.06051133624560815,0.0,0.0,0.0,0.0228348781245048,2.943565349961867,99.19501951091438,122.50073094491503,125.89980923342075,311.71788537866865,4.057982374031691,0.07889476921877935,0.03467514533922022,3.0899859746189478,0.3737519123089346,1.3831739017219724,22.124159979286286,0.0,4.617560544847767,42.60976140664702,27.189080784537943,18.189792358104427,0.04877997490964189,0.13020026506339696,0.6600555065541631,11.460539007214413,0.0,1819.2399178822589,0.03317123667371032,4493.986193263117,0.5657826186419749,0.2655106742849824,150.2014653502068,0.7389007873020726,0.10898929282912682,0.07097082665324242,59.6188135235651,59.65978458984182,1970.0830371806087,1.9739923756752396,8.642813519406776,27.648475589333557,2.8974546009925555,0.4239138055088897,9.625464627666675,32.239409905049925,0.0,6494.540982550327,277.28054562631974
0.0,0.0,0.003487980828368849,0.0,0.0,0.0,0.0,0.0,0.030378547126312185,0.0,0.0,0.0,21.999227954525313,99.97441694606844,175.45861901161183,175.80946692462743,432.17390542994355,2.592032491423138,0.03885425719926146,0.06613883751667517,1.8268878426151005,0.47133325005954096,0.778001453606558,10.115066258765328,0.03374654542271586,2.908647253723371,0.0,78.29775403110413,0.017583925605073488,0.0,0.27581597097319976,0.0,21.37868963582281,0.04266621221798412,7313.457601323972,0.0,9167.100555148318,0.1293057099175319,0.06206303971819044,132.17824157672848,0.5392476804255286,0.17588864212457397,0.0007684670387735188,36.18645163744237,36.14833819236111,649.3389301461932,0.0,8.968952853888963,29.72066728616051,3.6217412625340346,0.33116292247140383,13.128520846339942,32.99882622284903,0.01464493085239026,21061.166000491918,276.1236066684142
0.8735219961152848,0.0,0.01206609674583905,0.0,0.519316165890578,0.0,0.0877737849157745,0.5786509862607429,0.0,0.0,0.0,0.0,1.0097512492014062,99.96208589655562,455.2909096332531,262.731908461195,505.1181463792111,8.434609709017,0.04122338153812998,0.0,6.140686149901899,0.5610172006306229,2.5895209447648146,32.13120033560706,0.0,13.889480110828595,62.03970702845598,28.81267108267299,0.5311612918442109,0.0,0.0,0.3057562253315165,8.17719101237523,0.0,8025.320638790007,0.024063075904303198,10953.640985853706,0.47371173865758665,0.0,152.13089777938785,0.5737488539402537,0.14899393410917453,0.0,0.0,0.0,1641.4766253310058,3.0297514732917783,7.577960659344584,27.750399608892828,3.1377931305576348,1.2648204934812612,6.554830387290459,76.58881868066206,0.0,30626.312538516377,278.6865388669596
0.0,0.07342321143121953,0.0,0.0,0.04211585205388502,0.015894554787117543,0.05934349687840516,0.034113090474080565,0.0,0.029073233444792918,0.0,0.0,0.9694245397953998,100.0039947523106,373.7392665704023,68.13744393992913,225.64959387059758,1.8762675499721373,0.0,0.047051894548906806,1.4622647248002016,0.2671772927253989,0.6268176226357722,11.636377031483745,0.0,3.806088037580182,36.34918016611303,28.656130782186533,6.303360109937047,0.08253332647067618,0.06443123215086011,0.0,28.690677083005912,0.027742923891006317,20190.166250639617,0.0,18068.126155422844,0.5601719291016206,0.3514789854949424,41.29871130361129,0.5651878150023423,0.18395309931233886,0.019431479290170323,0.026664079285349352,0.0,869.3901244537607,2.0402674557022893,9.31638016188533,29.34596386341789,3.8573061585338984,8.031724316588136,6.516766473702905,34.32029177989347,0.002750893640973425,66948.10737140337,274.6189539483345
0.07233687950739319,0.022234542264738342,0.03837778550329496,0.0,0.012321708940709974,0.04051878733155751,0.0,0.031424643071969426,0.0,0.0,0.050659572145199366,0.05689565637432471,13.006436444445535,99.99874228976344,73.8360288538251,74.09002505708008,331.9785228783677,1.6161273623401304,0.0,0.0,1.1307137602232762,0.24427779943459357,0.45402452974687696,8.329453133350366,0.03710874228628228,3.388743949504672,1.3534867500251049,70.20516008556702,1.3896952029843814,0.0,0.07036650720689953,0.051690091069335344,26.960878032139515,0.0,6364.065267351932,0.030801320890716855,5958.011886175008,0.6596559424111648,0.12528027572390338,113.41329583892642,0.7117604116567168,0.41217545532687627,0.0,23.531684588308966,23.43449397830853,557.0767356787048,0.0,9.272353039288543,28.24003874439675,4.692673240711682,0.43829454839804977,11.713924982384652,28.31591853558028,0.0,21519.14540435095,270.74518484540096
0.05145627224781843,0.0,0.03507944246435047,0.0,0.0288522041283167,0.0005487678669489973,0.0,0.0,0.033632255602351266,0.03336359960994175,0.03311361238454041,0.021379815972028662,1.0472349435919734,100.07030346398848,224.01338530762968,91.50345249780653,236.44811046799398,1.3660933602707406,0.0,0.0,0.9722040600643449,0.36892066513461813,0.38914522379386673,7.886108606515149,0.01379544324535509,2.344505980728522,34.35029763573014,44.89289978983958,6.372214589897498,0.0801482173460833,0.0,0.09124445759616184,14.473835341738061,0.0,8972.55309158722,0.0,11808.516850199168,0.5799316342217231,0.25171215877468633,58.12215578955561,0.6167624016219796,0.23751071765315643,0.0,0.007483445546234573,0.05120811633034392,837.1742517971686,0.9410337600776257,9.407361202891718,28.60409953943513,4.213611407777675,5.424370619706585,8.410129864767287,27.76190007244302,0.0,30393.26341871625,274.7822465160005
0.6190164859570559,0.0,0.0,0.33108643485701367,0.7532073208176749,0.0,0.0,0.2629366474750846,0.0,0.016798408672028833,0.0,0.04850875412839296,0.9450795391018724,99.9690438525875,326.697262537098,81.37236816182529,474.8009168001966,1.0330824099423224,0.0,0.006208972237230673,0.6766680368069098,0.10752673669935936,0.29984717884141787,18.48494936659318,0.0,8.879750073536568,17.297513953926114,8.905850803696358,17.176534156150502,49.02682819213903,0.0018787429667932805,3.0842654585605955,4.416468400335191,0.0,9021.631144909239,0.03087235030234191,13406.980699070284,0.0,0.0016285823914432822,138.44573596264513,0.5764348800829352,0.18361613641645752,0.0,0.0,0.035157009861802466,885.6369771241862,30.988599713659514,10.1506083168948,27.415956913860065,4.0969397774770355,1.3088290580489752,4.241648504742285,110.815832497074,0.033179000924921744,46077.41624595779,290.53550098087675
0.10393494694014341,0.0004710044450676687,0.043759602488441345,0.022326516196659374,0.012898178821334066,0.041499226760721646,0.0,0.0,0.01406735531023185,0.0,0.0,0.004703016871349475,0.9915648946080096,99.95562488654444,333.06416592064363,38.01135925395035,134.80365508143535,2.7632042955224083,0.00911544917670224,0.0,1.9704636482334161,0.26665730016460953,0.8040899807399197,12.028050810587413,0.0,4.401693540877971,74.76182678433884,12.214451895614005,7.573808447194834,0.0,0.05098305803605037,0.3770613292718039,5.192144008073916,0.0,1238.2504247761722,0.0,2879.2700272899233,0.1095162701096115,0.003999449311623942,137.64532990965367,0.7422800507276573,0.45439244842288556,0.0,0.0,0.0,1379.3500879178807,2.1045063473204553,8.676040468073312,24.772569701983347,4.628003944722346,0.9642907051573333,10.115009671187536,13.2591580430372,0.0,4809.39230758995,273.79513196249576
0.0,0.02595653234747147,0.10990697597397413,0.00582259888536747,0.0,0.0476847566317887,0.0,0.0034953327229411794,0.027893151494380715,0.0,0.00032684238675978884,0.0,1.061091745300276,100.03635568816694,212.4524995038609,147.76142479261745,363.95471195440797,1.1573412581273392,0.0019381911746386544,0.05174199569279276,0.8311307333713304,0.47487886679227087,0.3039827342936237,12.51905051116765,0.0,6.300370200579433,68.96544919317253,16.22185914986695,10.892260543945703,0.03305904952963594,0.03337680473970658,0.4464330417386995,3.412726715051847,0.0,5300.197732083896,0.05734525793289658,7387.535093841451,0.7081057967286772,0.12340666529975008,17.37788187579251,0.8588160618127824,0.347713261503166,0.06594818324754596,0.04037095911912141,0.027519023507651078,1740.8362817601235,0.0,9.861456932004817,24.552195776209153,4.099729826427868,1.7050095761953346,9.757498174245336,37.36403160432156,0.006081406978700623,16625.80086940546,273.46889932616205
0.0,0.04925960458905528,0.13196030523249705,0.09460282124978488,0.0,0.0,0.0,0.0,0.0,0.0,0.10272836532897156,0.0,0.9977452775406052,99.89682701188516,331.7482942390244,78.4602271829662,199.37623731541913,2.7946494593492353,0.0,0.0,2.0222123315695164,0.40596904453714194,0.8775674913578231,12.628962990941337,0.04601559317164845,3.2922652843552465,51.81364700787457,24.594127682537124,3.104504790634169,0.06496668368288716,0.5450095379692332,0.06276534063392208,19.746191000787025,0.0,17192.85778924303,0.0,15008.411070562126,0.04588131742966214,0.048306259647561585,142.43868913823152,0.5524310819202779,0.229741034747721,0.08278778457404713,0.0409034096479368,0.03796704151233523,1027.2939756050682,6.150460328824833,8.842946961994727,27.712978151543705,3.910372186980698,7.518040336838128,11.97816772608008,16.747602517909048,0.0,61173.13619534933,279.092503086336
0.012141446698416337,0.05699801354424974,0.036962076356134375,0.060293017979209954,0.0,0.0,0.016404983541629278,0.05664259929198127,0.0,0.0,0.0,0.018151463283259874,0.994354309305586,99.97830268395847,401.5582964018046,113.20758026885613,180.58671424431125,3.691645482129566,0.10785192796806785,0.0,2.6375071792757026,0.5775470515210364,1.1365178055891847,14.417001150631453,0.0,4.681033241985555,16.807819954533585,44.37964301092151,18.243164240197338,0.0792412128909302,2.4891924390320037,0.008014550371502801,18.03827282066152,0.0,6795.425282552733,0.08389012602802152,8722.002918222857,0.05917949094602319,0.0,139.45224675633662,0.502104776335285,0.2985930034255181,0.0,0.04872697482007932,0.0062085445351452734,729.7735221608057,0.02675563427962569,8.567797144573865,27.172169040236753,3.50151303838833,0.5746446380911722,6.1848442434570154,29.436372820571012,0.041448527766678706,23618.088309776984,275.23916542580463
0.0,0.06965186873268372,0.051289094769801924,0.0,0.0,0.0,0.0,0.0,0.015465473123853471,0.0,0.006937456707711388,0.0,1.0161924482253115,100.08415752248861,138.5429749875177,67.39380709042146,227.23740054297488,1.00797608769602,0.0,0.0,0.7422494384855334,0.32472075452249144,0.2708318249138369,9.000619987974908,0.0,3.017583370384836,35.75727397156966,5.79434610653932,53.69137902952741,0.028633098963810312,0.0,0.0,4.881118655587296,0.0659973960460946,17487.991886870284,0.0,18261.12922385928,0.34759624878904277,0.0941465772345146,32.805165217486916,0.6124556623584381,0.2969074694676306,0.0,0.0,0.0,893.1915146316693,0.033651249077874916,9.68319502775762,27.433840025699922,4.641299266021166,0.5264862832241178,9.165530128858943,24.640443065670564,0.031230896495100212,66089.91140883895,272.47833096893123
0.0,0.0,0.00196209745118668,0.06700489081222795,0.08211454666258639,0.0077919874839771424,0.0,0.033901879812115794,0.00026325993687467713,0.0018948844523643618,0.0,0.0,0.9990540011512868,99.94652706217988,268.1938376317579,20.10782336425469,93.22426009206359,0.8367656024536319,0.013772179637418853,0.029191731176731184,0.5390323917900327,0.2726455733093811,0.25401469226317624,5.4442765500039645,0.015479096480093277,1.6917426056123084,36.385315894248045,4.667236428322416,27.923715555065375,0.07793600549594945,0.14924085432284698,0.244125990709437,30.67336335755894,0.0,8959.899783605346,0.021183465301105577,15696.947579646621,0.22060318109644936,0.2218441665742066,135.47059522270706,0.56685728435906,0.23685431171974253,0.003749802586345247,0.010419718354025395,0.0,1014.8726356918262,9.969390996890116,9.725019396325612,28.29232887668522,4.380707490185083,0.5194775900201314,5.283921598707507,17.552531651416658,0.004528013980528702,32056.42528611241,276.58945917978247
0.31016856071390475,0.0,0.003450175036853069,0.6261209206611155,0.2802489622311408,0.0,0.12426569622668432,0.6738062317037923,0.01809539181804941,0.0,0.0,0.0,1.0719097792604375,100.01671377330382,1747.7024907545724,964.8972336019601,2639.4269755310097,32.84778253919867,0.0,0.07029351796312766,22.004159757806764,0.27654774228768386,9.905358245669973,66.3516405233564,0.04976972663971044,15.55216135895988,54.95858287800251,19.888787344085983,0.0,0.005809707248333837,18.983898291848433,1.505364293304829,2.035328429884334,2.490028760950699,4402.653665026542,0.0,11175.268685839243,0.27190585651071403,0.017133385046843173,143.48878347618995,0.4172923982102247,0.16841062599373763,0.02056053400569168,0.08766875993621578,0.06714781658156131,1690.9863134513757,34.02364767823566,6.898708184854846,27.655318460931934,2.85239430580262,1.1269435365428877,39.24093205924382,67.35226194436298,0.02898065235569236,7680.815730400854,283.49969390368705
0.7993757201996832,0.011163541796013044,0.0,0.13969791005916393,0.7783939399825716,0.006766917394614546,0.04972236877544537,0.1993003093557276,0.0,0.10210348264639402,0.014763997031043419,0.0,1.007856395949547,100.00880949112513,399.9958826641524,104.6968968333671,265.297385185619,1.4406305803654988,0.0,0.0,1.0592253615107692,0.4242649718258169,0.4766652648038186,10.17071886263176,0.01597689650074341,5.575185624089155,17.151983193221557,13.072124123007903,12.204966430874377,50.031789996428834,0.15400280295696553,4.527139425707004,2.8743652618522497,0.053596493260589864,4334.62327186088,0.01755475599304902,7990.373959278581,0.6600441051942457,0.4816987883723901,121.9387528555795,0.7949644259280495,0.35884845835956164,0.0,0.0,0.0,1017.3750969491253,8.010022981570687,9.501783378812732,25.881893010454338,4.288776701112282,1.1260403304961764,2.0829208909974457,121.0107447553827,0.0,17330.574280180474,280.60485448218424
0.008444342035467707,0.0,0.010681689353784843,0.0,0.0420532127558752,0.01723282000867669,0.09779526426229489,0.0,0.0,0.0,0.0,0.01886756806144865,1.0316435390633183,99.96973985708922,281.96953592482805,29.873430206463798,106.50678036046602,0.9949639664425259,0.0,0.0,0.7788248847838358,0.37016142395771856,0.2619663582653072,3.2362918415671422,0.11011439894947743,1.607931656939495,51.27185451496917,0.5452406252575265,31.332409410084495,0.0,0.0,0.010987790361460793,16.6853504609178,0.0,1020.7471321428661,0.036573581317447805,6059.606509155944,0.5726074083024933,0.2399219221894938,35.39292528211239,0.6521779577092324,0.15597753376129805,0.0,0.0698523786226608,0.0,682.318386321484,0.0,9.48996995740776,23.731424883717743,4.98096504938052,0.4316017481068549,4.412513925421134,24.19253105690456,0.01687398454049415,4101.561702042023,269.59663347258
0.43113845626137753,0.24116784147385864,0.10102028620737359,0.1793280598811745,0.4474850192138935,0.013723416781828247,0.0,0.4784938812136322,0.0,0.0,0.0,0.007154246851399721,52.025319337361644,99.00585721853632,318.8150222537534,321.1771039451096,598.0336603675822,6.467257562551874,0.02281124567750178,0.02359190739383379,4.686154175901553,0.520618328134502,1.9083677765789129,26.243272296405294,0.0,6.196390521759478,73.11039266190687,5.307747776077242,9.847164480011177,0.0,2.7876173621810976,0.0,8.741548784420937,0.0,11800.9569578684,0.028443895271693626,11924.127489706212,0.3083468149207614,0.17948177152890002,123.75243803666679,0.5727953911872016,0.2070649401312438,0.028609670284637637,20.721835714380813,20.78397687964724,3204.2420471524315,1.9873823259004555,8.335597848991197,27.778380770702388,3.124174823510787,0.2946957414604847,10.927900021045806,54.70472343849132,0.0,31545.324296136834,278.900427533823
0.0,0.0,0.2945739269860707,0.2949780130762908,0.0,0.0,0.0,0.3705279559353711,0.0,0.32702952106418365,0.0,0.0,1.0631687407798358,99.93242517940364,261.4588186538829,187.5059522163332,450.036340313813,2.8862014370671973,0.03440357898706577,0.0,2.0803904381632408,0.36590282565402465,0.8932708495469062,18.70995912382031,0.0056822938595664065,9.152291706953905,25.57485352556969,1.2820794329326128,0.5375319292048495,38.357349977366084,1.0506015481116173,30.962830313508764,2.2051089867809606,0.0,2383.0741443278757,0.008900593152903107,5465.359242837038,0.3693987693277786,0.22140075914653934,150.28019640662055,0.6304092571237393,0.18036023039996413,0.0,0.025655383930402058,6.183206589877067,1835.773889383024,31.977719514186386,8.82449484650693,26.808774113891097,3.8345506180414928,0.7785861317791648,4.107680802428101,108.74439026714964,0.0,10054.619076233877,280.80690612110135
0.0,0.0,0.0,0.14167902147282996,0.07104789327302949,0.0,0.08659129633609583,0.02666510867015755,0.0237054000659574,0.0,0.0,0.0,0.9017225502779939,99.97565899283005,352.9039376815617,241.46696904532337,445.15695492269657,6.618032827555723,0.0,0.05835015877363676,4.676409747644412,0.5485136484537381,2.036986388958961,30.184260807867794,0.0,12.703757085731334,87.54552295408553,1.7198215971610802,0.31013112706032936,0.044835220331825396,0.0,0.8929286680762463,9.424025847992995,0.045798140430105355,4278.733222411968,0.050902401516388744,5625.512512645765,0.5764621301776456,0.43906008777240624,59.817957250359086,0.7342503853372011,0.3324858963799005,0.0,0.0,0.05874383768184383,881.6981070960675,1.043231121269325,7.885970592588901,24.638974596793624,3.3255763899837096,0.3232754764884461,8.705975420184673,50.76887238139016,0.0,18003.41920124411,275.12252166277773
1.0434578032194637,0.044364541863337104,0.0,0.0018968917723801014,0.8671664496405534,0.0,0.05364890238830059,0.28519362473096804,0.0,0.0,0.015190929780243787,0.03607812525630718,0.9884566813077615,100.07266303316605,1239.1699277100138,946.1737252311516,2030.094096958962,12.272451405310365,0.09881380365840592,0.0,8.766104805204572,0.5089793943489901,3.7108967675105244,50.504794259103384,0.0,21.93448814219012,57.98930811269529,35.665513611296795,0.0,1.1821816001734409,1.127174655286037,1.2506602593373988,2.7860518534834093,0.0,3924.543543594803,0.017176564728444522,5719.462820649861,0.4571092330266431,0.11940458084083387,58.85388816327462,0.63476947367211,0.3590594735010523,0.15054455126543625,0.06223397903683934,0.0,2569.272402102163,33.02409330308593,7.997737854868898,26.82025463176587,2.878584121322315,0.165870007999855,18.642871246207967,108.99561705031466,0.0,9994.281716018471,295.28566047828696
0.0,0.0,0.0602344642019676,0.0,0.0,0.0,0.03972312274227158,0.06382465498028897,0.002542264930740206,0.024189080415499872,0.0,0.045159210676916306,1.0712597778604913,100.03840999501273,805.0201738626744,174.95336635326208,592.6877000950568,4.8474420533939595,0.03896256880803422,0.018515169878188523,3.6112037391506355,0.33000688230313246,1.454773861158009,19.641193330494062,0.021455073612190862,9.05770283906036,50.04229981535037,44.851568946452915,0.16174444472047822,0.5235311874959975,0.0,0.4683669676388959,3.78180861546989,0.03361918579156816,1905.7186507035779,0.0,4898.4569897499205,0.6802002650862661,0.46460053832360876,137.898853566511,0.5554240003267539,0.14480600076773165,0.05802235419568145,0.0,0.04956009428277622,1759.2612490314218,0.9266108981005168,8.34897683495574,24.451601744043362,3.722322303194203,1.4820526758357884,13.674664714868435,43.292594698576906,0.0,6808.044657718664,277.6088563512416
0.04639097280580295,9.564680104969683e-05,0.0,0.058831877430837204,0.07312651913457223,0.0,0.03996013596210711,0.018194568107502692,0.0003718569404957312,0.010212747132851294,0.0,0.0,854.9709682360124,91.56781556582143,130.63640564422295,132.77294669876923,579.1338225388417,6.229593917739391,0.0,0.0018824702548574752,4.6570710505566515,0.32800771757656966,1.9729032140457519,29.71999641265446,0.0,7.9449598832941435,0.0,76.3906959400596,0.0,0.0,1.4062073397659336,0.043704670138247456,22.08285426540034,0.0,11033.675619433268,0.05865153393505755,3538.2901635260437,0.675718706546552,0.5192797578805872,114.05106850246266,0.7750298442531838,0.4606726854168557,0.0798633019757437,77.08247253347281,77.06090281800805,547.7970717677814,0.039733916152256195,8.283529472881467,34.21149412760724,2.4957080282678965,0.2787392067224514,6.496246020762157,88.5078749928171,0.0,41648.84100848959,281.48599007864163
0.0,0.0,0.0,0.0,0.035555691288747915,0.0,0.0,0.0,0.04037765072427875,0.04662647429232677,0.006993513285102471,0.04916848167454542,26.034380536770552,99.32698098521165,866.6399343055294,866.918027625682,2233.9399343199107,14.235885650531213,0.006968848969450074,0.06092406502649041,9.971645195995757,0.387371117512883,4.3364813789748755,76.71828510460422,0.11158243893292848,19.381834683521348,0.0,1.1095673523488443,0.0,0.0,18.608376191879366,0.0,2.599778119306672,77.48485266640425,16422.591976262433,0.0,10174.642014730174,0.31253306063106867,0.0,147.18030809241426,0.5503498784714163,0.23449007947237233,0.0760903429827664,63.26649548561211,63.28530826792491,261.5200049226095,0.0,8.601680880162549,28.10581875600698,2.292963559518859,0.34623837029168275,33.01351669726543,67.67313036446173,0.1042781086186285,22737.271155371775,283.750689936187
0.042606701157324074,0.04425216984582734,0.03329121870451537,0.0,0.0,0.02947538779119644,0.0,0.034650550821259174,0.03466446793473172,0.0,0.0,0.009933893355977658,0.9692592663339445,99.9309159982945,567.7102994361477,76.635494970524,648.6835919681827,4.413244348418607,0.05132280868905556,0.0,3.1934557420150615,0.10295687776453624,1.305557153469514,22.318047909631076,0.09641647579073868,5.856583267182203,51.675565179337816,18.77026331005507,0.44457267166835013,0.06456448594641621,0.03366716838698756,0.026943289909940972,28.94221832574936,0.0,13103.121888696507,0.0,11657.250493373025,0.41071338651930517,0.05480456855544059,148.44005399995996,0.6321303271081073,0.2449383662300238,0.0,0.023505934139478404,0.0,2764.0265565108944,1.0198872482723431,8.548259211098875,26.90528945470472,2.753757985972187,3.6933293667985034,37.86779701760347,17.160050567695105,0.016960863548541972,50769.449173802655,280.39022660580684
0.11505168046066766,0.03693731106884806,0.0,0.060617973373131046,0.0,0.0,0.0,0.009116308340837763,0.0,0.006424562440985235,0.0,0.0,1.0667615384824845,100.0512676242308,97.68350044533553,100.15867100585929,252.36417445547434,0.9823183988111511,0.013683089634081727,0.019283693098579625,0.7699799991779869,0.4046447122367588,0.3021516753032473,11.677768770414314,0.08113995345831762,4.220555199061857,29.98915619561439,7.790392832168374,56.50001558061702,0.10675995948849495,0.0,0.058768580401030335,5.816786572746859,0.0493796092123395,8502.580723815445,0.030848244404064383,9571.378082262429,0.547241512953525,0.5049486987658642,33.10782439013593,0.7935530350318079,0.453378564222699,0.0,0.39404684417316754,0.35308041093829656,861.770862501963,2.0255925755629076,9.79006723693595,29.283695602387557,4.419012075871312,0.5181379602183361,7.346916289582422,34.614521686195594,0.015564393779072263,34064.67818065741,270.3942469964505
0.0,0.03109761212394653,0.0,0.0,0.007385291038150409,0.0,0.0,0.0,0.0,0.0,0.0,0.0,0.9643375435958014,100.01878069385728,800.1894548493199,210.13726282883894,405.8793410771063,2.673788875215384,0.0,0.0,2.019195367403937,0.4300148700674768,0.8132471110843529,9.02923370292194,0.029573871068744626,4.476623851828883,0.980624035274297,26.487149217067955,0.3147634390688002,66.4662836013569,0.025410507659360437,3.2457073453817156,2.379124965555635,0.02802271264749037,6014.929832374368,0.0,10247.564515290287,0.4953323380892942,0.19509388369760983,149.26461391774131,0.7106699778383426,0.24917275473722927,0.0,0.031046077844458245,0.010598546782499167,855.8525348678838,9.902608813344953,9.115523850632009,24.828568348734123,4.5774092621650055,2.8095315956169085,10.826018648441657,37.48774004617664,0.0,8978.512950473185,275.4660702424338
0.01946564863242025,0.02170925861868488,0.0,0.0,0.023852307122837667,0.05496872566747649,0.0,0.0,0.0,0.0,0.042722415300283346,0.0,1.0432401611835858,100.0709392235435,214.0076986229051,42.99922024283715,97.49565483396898,1.5826757989954392,0.0,0.0,1.205921247486693,0.5241510861847697,0.4597690516043037,9.041160939427737,0.045916485441193124,3.547262998847991,58.21660809671553,4.943900472017992,15.618957665968516,0.02410018616825546,0.25676962402074477,0.0,20.71010984489408,0.008199905013185875,11228.87691552039,0.1044976221335664,11894.803603604294,0.5258898504483152,0.4513731359949656,52.89883924360441,0.825883232214649,0.3353694219641422,0.006795024728070798,0.0,0.0744428747419821,1125.5736124700234,4.016054087865946,9.256450560714583,27.480555760275408,3.8884031081457575,0.7271901663213538,6.622674180441498,14.805226955653755,0.0,43478.06624817722,273.22552414082537
0.0,0.08027507658746554,0.08249732485100751,0.07760238045877142,0.020146877033459965,0.0,0.0,0.029730663804515722,0.03346832639482086,0.013101244041633743,0.0,0.0,1.0041660765734712,99.96934340112409,851.8096435485065,283.10009850567144,801.9654632329472,5.757394556154128,0.0,0.0005130328545081062,4.247679339445818,0.37064757905602297,1.714511686607134,11.909074364565322,0.0003984462979227118,3.9395932131629943,72.11325022987725,18.96293944140101,2.1296359988637943,4.100306547018629,0.13778281452952812,1.8907304582408981,0.5770048041068865,0.06308536616367526,2673.69127319848,0.0,9081.891625340997,0.47812383669802533,0.30670675577714046,47.76073862274841,0.6271936878751386,0.15822018635698015,0.0,0.0,0.05151642358118818,863.4378370185643,3.033963054613644,8.271847959320784,25.118674357096367,4.434980448887385,0.1409915976094984,8.06943635903488,99.80851458818661,0.052687549527441306,7959.940939343011,288.5471349539356
0.46541033913014185,0.11789960496286683,0.0,0.2352671977760255,0.4584976778136018,0.0362709413578883,0.06761491970629815,0.2560632782918665,0.0003675337459849575,0.0,0.0,0.03635612407427465,1.0289530786347336,100.02335454719967,261.76128472109724,106.8373405054848,462.84954109286144,5.5315186521595985,0.0,0.0,3.90721478032561,0.20041974268977078,1.6064912328321586,35.787252075460316,0.0,14.701436073580545,74.79719826208796,1.0355815737070526,0.1301933033633933,5.933969068650596,0.0,3.535259799943952,14.848786022518688,0.0009395255653970382,5049.202145308017,0.0,7312.939843703258,0.33978577806892035,0.4509850433022378,41.42944600381942,0.6446190640965747,0.2817171946670106,0.0,23.335687810008146,24.86889403671181,2006.2718918829032,8.928897075141604,8.499072516147173,27.63614970912225,3.276991027932671,0.8288411986305094,5.741513256231116,79.74374076589226,0.0783913654897832,20772.243309903948,279.90454103383973
0.8151968923949987,0.21422479106234738,0.0,0.0,0.7638816038460122,0.0,0.1809757443743054,0.0,0.0,0.02467801021671458,0.014544852879500296,0.0,0.9439378129952805,100.04647049923955,91.97247729055492,92.56623089486142,178.39429689923713,0.8628661909362076,0.0,0.0,0.6328242579709477,0.47067060545073425,0.27756805774160237,8.455698054542637,0.10460859661049723,3.6195438070218393,9.407969052165026,1.8586550780507536,83.04104536303116,0.010161797729301552,0.0,0.019284429020936945,5.825456550670228,0.03028031163156565,8363.682529418662,0.0,8640.479501166754,0.1713765894729796,0.08505040774319575,124.60464160717052,0.6695035315911652,0.4533833868117034,0.0,1.6282697976442393,1.6467160409135913,817.3441884297905,0.9512939076891815,9.677497597839364,32.180774850888454,4.216386300275258,3.242447058023305,3.0993123821254924,58.259450409600156,0.0,32896.49989793987,272.185058128357
0.4086598821354374,0.0,0.12275731904747593,0.5386364188959697,0.39613573812668523,0.11872331416419962,0.0,0.5819456418306566,0.0,0.0,0.0,0.0,0.9726725851881762,99.99511896521129,1533.8405106041032,1084.9147371636686,2533.1843576948927,36.13136756851637,0.0,0.0,24.35927317444268,0.4197287973909053,10.86068272547313,64.91480625315235,0.025274597090970855,14.907788033844804,52.74998916667541,32.414170733678006,0.0,0.05519146175163489,10.333034271068431,0.7883568362422732,2.9981830731751855,0.5466775923618262,3408.7482467797404,0.0,7867.934580163893,0.5216958520741687,0.34068339745707266,42.61970511130072,0.6122795103110791,0.2595333824285277,0.06629729482711436,0.0,0.0,2069.431129109584,49.938935130769735,6.828190018870333,23.67205051618466,2.1396445345039647,1.2230949068408028,49.26066396301001,51.41519171531172,0.0,5808.27084519639,275.6790837140931
0.0,0.09546361436759374,0.0,0.0,0.0,0.0,0.0,0.006840183711467718,0.0,0.0,0.0,0.009141807952271819,28.963533738339237,76.00828527700796,1056.9684660700952,1082.4451681925348,3107.285184584928,45.50354849319569,0.0,0.04474314612107636,28.40990154751842,0.2441758410744471,13.920149447362373,163.07729093706592,0.06711879486621689,55.18354552969053,47.997825925622664,17.403917801702598,0.0,0.02021268455969895,17.4838078089846,0.23648535916797903,5.084419061876988,11.82901685277944,5374.592403048381,0.006855084530482801,6626.935539076043,0.30943130510972494,0.12073982910729505,43.01430781586054,0.5240532705636128,0.37244887533681886,0.0,52.963158095161326,53.016428738354435,1910.7387031073058,8.068038050459597,6.739754968607113,29.82256169447471,2.0080827423862035,0.1931836123013402,49.124424545916504,63.447890065111764,0.0026792279591688504,10918.143849733908,293.3421898591753
0.0,0.0,0.0,0.0,0.03339901796587621,0.0,0.0,0.0,0.014473312115019813,0.0,0.0,0.0,1.0442230138894284,99.8961072435725,951.7222205245165,264.79651479335155,763.3799302697354,4.236262711558894,0.04871932001006101,0.049000900737604464,3.137426528106216,0.31983146808108365,1.3131232814273086,13.6353620031179,0.0,3.7192910558489793,62.762318776709854,16.762434716855108,8.870329006841555,7.1742467884159655,0.22153294419592012,2.6671834355011397,1.3864334529332376,0.0,4608.192583986712,0.09727083533321247,10641.32273410017,0.11359874345275163,0.10371029059255753,42.81661399954425,0.6347842277974894,0.27702277808896436,0.020095822234669335,0.0,0.027295799406126142,844.8992410859532,8.036397274772613,8.288760393956252,24.285724879927947,3.3416167221695114,3.5181366822850175,20.065815864715855,38.009714634092305,0.0,15694.7861468008,273.7340175599211
0.03841269186289426,0.0,0.0,0.0,0.0,0.06785704507490727,0.03934026817851369,0.0,0.0,0.07328951869241823,0.025009931045621166,0.10571881339854028,0.9942866932953591,99.96724205268137,1256.8279705416655,744.17098853279,4454.328724219579,18.285214771663465,0.0,0.06281542176586065,12.46769088480665,0.16132817516900463,5.503142006327745,70.35394656042341,0.02091267713784529,14.459532976194247,53.658317353061626,20.155992437169914,24.07753951539611,0.06816450825828886,0.12199813150687402,0.08133740484664247,1.7461214263346385,0.0,13206.439668315144,0.004121606866268382,16278.665822254414,0.4893373360772803,0.08156203416534313,116.83594144440391,0.5140691635156478,0.2820559862353535,0.0003429920629188807,38.00140115476455,38.07774521539942,541.9423558651982,0.021078145125169378,8.08722515239754,27.86969926699259,3.0801041582635387,0.21138599183025752,24.083084417078773,185.07765669713814,0.0,19500.047204672326,303.7889160810633
0.0,0.0,0.0,0.0,0.06699924127200438,0.058157149564850824,0.0,0.0,0.0,0.0,0.02446228791794069,0.059059652944947263,0.9551934830447011,99.91576295885369,618.5645514037288,124.93050033437527,375.1911839428654,2.607501110688968,0.0015711846397292988,0.08078605649692142,1.7814670910853225,0.20848089704141898,0.8503770406781823,10.7371500492191,0.006645232258384819,3.4190882776299794,59.08634087258629,6.806313810951388,10.502406677465542,13.798406419958859,0.040183189166435124,1.5685749330047625,8.167495508180814,0.0,8338.05060154655,0.0,11786.342394905343,0.45731878779437496,0.2042162471591321,56.9318950688815,0.7012181840385048,0.29103272199593466,0.0,0.020547504806297905,0.07279428990101218,900.8736460605355,12.047932450274736,8.62976614660597,23.940042456807294,4.250642336191829,7.719765592488592,58.96715683659265,6.459538686905331,0.04833940111155455,29185.07392561944,305.6799667718375
0.022856699818957608,0.01477196387809093,0.0,0.006562352983027106,0.0,0.0,0.0,0.05438366014724086,0.022907174341245458,0.0,0.024855383724838247,0.0,0.969187702455667,99.93801559997732,849.2841762094458,495.78753709064114,1690.38094462704,15.525428170985382,0.09934602980626842,0.13168428134644758,11.280705091564899,0.35782141616355756,4.704177075424749,28.955585208517313,0.05813791039499721,8.292344928462272,55.42139854126834,36.76386436932697,4.658906373802941,0.0,1.6924412801375548,0.24297070191265635,1.2338137641160423,0.0669016095523112,15416.262492939548,0.0851016404872821,14920.080052607498,0.0011400332152366535,0.0,56.73082786654322,0.6831370002598562,0.35520297415219987,0.003122957902616235,0.015564997947047505,0.0,706.0822892407282,3.0885369444299537,7.768295818500378,25.952825741736074,3.123257984836856,0.411040939221711,18.68573922155394,90.63834537775092,0.07969041460965925,23083.571473165972,289.5642666310022
0.0,0.07043213582270683,0.033341301734032006,0.0,0.0,0.04028576423883412,0.015302768302613658,0.0,0.0,0.0038191494843637093,0.0,0.039218978495835735,1.0620584547989358,99.93163750860786,296.95238862137353,56.73774440938244,125.1816155471332,2.690597376160558,0.04720959033303211,0.017085564994441638,2.1310894220962444,0.44123491613672294,0.8970955768534356,9.271308278043362,0.0695011075081786,2.697884729910558,69.20021737168969,12.895529015875436,6.115047590706216,0.0,2.469897354981798,0.0,9.373955048440815,0.021293067460421623,6680.606740356059,0.0,10380.968114854202,0.3803800494570857,0.2640741556618625,49.96545800962343,0.5801798219976643,0.210317986491814,0.07932775070447144,0.05797489767868169,0.0,1038.6243521806384,2.0727477841186124,8.609170784134625,27.546901350579642,4.079233572337154,0.5608343522137608,7.31947090026903,17.19828386254129,0.033146210813752346,25292.354407275696,275.86941361507655
0.057138821256667194,0.02826092239110364,0.06012026784873516,0.0,0.0,0.10296974947297166,0.05735646451357637,0.0,0.04340763056068456,0.0,0.0,0.0,3.9989005582042325,100.0743927878415,146.5318435048143,151.94433704774843,345.4959564553275,1.075026673020607,0.05743783446727988,0.0,0.8259777939451942,0.383949742064972,0.2781633723775034,7.8190981809776625,0.04628813634235374,2.0174367127206594,32.77230964803761,35.998146596746814,19.424467636527716,0.0076925430202348655,0.14404420240117458,0.0,11.797645400503656,0.007500357144276966,7614.23439433019,0.03962511990421992,9974.735034197973,0.5915665630433552,0.5064207427784246,46.59274539715055,0.7550244738126941,0.26268361287993336,0.09558150938484497,14.032177673282728,14.055935416135588,241.04112587620278,0.13224940310636882,9.67112318788211,29.513709186264766,4.112938123995527,0.4605837486777174,9.28092318510316,37.22216954481707,0.0,28565.293098123828,273.58174814576023
0.0,0.0,0.0,0.0,0.0017713671290799943,0.05539445307776504,0.0,0.0699248216401663,0.06085921164307889,0.01984994120059479,0.020252267413719882,0.0,27.002100830166764,99.88462741631844,228.19662960387896,226.8820391080569,569.2462913000176,3.597416886218935,0.0,0.0,2.591939457584154,0.3715785437940667,1.1301343165871456,14.420998474958466,0.0,4.681067729198495,0.0,83.81635925376717,0.017135153793099253,0.0,0.19146408199283527,0.010864525486233779,15.992635323946173,0.0,11026.324685135907,0.04948818716282284,11444.329480129692,0.5312596968331051,0.27524820242154635,152.0412298148422,0.5900322971265469,0.24419583106388237,0.0,13.526789202693658,13.509968999181963,542.0924148892204,0.9758862601121386,8.701924158885175,27.413024704723437,3.876318723068602,3.081500268466929,19.545590734761245,29.109393230665283,0.0,29532.577394579508,274.96093286000706
0.28247034678846217,0.16722997383541297,0.4871712039277987,0.1446598291612613,0.4360412144837237,0.0,0.19655130056944245,0.356507497469597,0.06418697168507041,0.0023439271651655657,0.0,0.0,1.0367840381879867,99.9714903201151,142.82440138755553,144.92938573222511,360.4249945166153,4.792990361720588,0.0,0.0,3.43592532536028,0.3833871739937148,1.462348258764542,18.188107246505066,0.04604137282535432,7.243369314539765,80.5811851168295,4.116892747566324,0.4927472325528075,8.686723426753426,0.05634161047417602,5.163267935452503,1.164468036929812,0.04922849229785993,1267.5873462902643,0.0,5232.446602544005,0.27877400029887844,0.1662133996193842,43.753390041980055,0.4980959423937286,0.2419131307706492,0.04636645527965187,50.17014178987294,50.18245428203625,1358.2635848395762,5.992501685441457,8.20740924882349,25.51254146260893,3.812394487398464,0.8252109218328048,6.1483830602332725,57.807048962658214,0.0,4206.154240059615,295.3612385397258
0.0,0.0,0.0,0.0,0.0,0.0,0.029294450506328586,0.04856405971106176,0.0,0.02510069917997885,0.10477974556982635,0.0,0.9183083917423954,100.04163958062091,1153.284545203584,1083.943752683701,2636.215098114673,30.29138557994329,0.00588387260075019,0.0,20.41959000978043,0.4225775822185918,9.12986056550147,64.88890104574621,0.0,29.416263941195623,64.02066271352912,14.102450155405533,0.03736955456129189,0.04395831015433317,15.272459392214436,0.3274272589725474,2.240404664366372,3.723066068583047,2920.5536087499772,0.0,5730.59242878246,0.4195508915428731,0.23458382538943115,41.85299109083642,0.7520102653318231,0.4000959847937768,0.0,0.0642038727935224,0.0,1519.6929655913914,2.992492788477803,6.9537405252253075,25.123938356266084,2.9067610470952685,2.8780561201652737,22.628493423148317,116.49536024056327,0.006125953659410427,4622.372386171836,283.26282729077013
0.001000160991373195,0.0,0.058546639306018,0.0,0.0,0.0,0.06874918181059113,0.012527231416168178,0.0,0.0,0.0,0.020713344989569563,0.9446287477199645,100.00520027115743,488.4769261430568,114.83518281885276,355.3985830778013,4.328326887272638,0.0,0.08599780651647018,3.2016964934264167,0.3147914190523178,1.257033935928789,21.744695086361233,0.0,5.995992626585354,60.161981616465056,14.23817436846207,1.3505454782671373,0.0308842806405649,0.0,0.0,24.275811635864628,0.0,9407.76172504246,0.0,9202.745597309658,0.4469691817592459,0.3424087557812399,46.21785842468403,0.7421731584817101,0.2967171295503105,0.0,0.0,0.0,2833.3538369553744,0.9115959378806693,8.432094636653382,28.135411770926908,3.3903991355643135,0.5083774806904039,19.816520750499567,17.921522608794543,0.0,35857.79482642655,280.848024942713
0.0335925153587597,0.0,0.0264388579454381,0.0,0.010835099555477032,0.0287361470537631,0.0,0.0,0.01380395027740773,0.05946956893064649,0.014957548647872299,0.015907115734818636,0.997891194675168,100.03695593263866,383.8447692291931,386.57248216094365,879.6597182126438,6.022208141085366,0.04283727432258746,0.055294293097885444,4.416942043603103,0.3775382240213684,1.827472610461125,34.71740473014707,0.0,9.49353055436732,54.448460317374874,19.56707236699344,11.541430866286317,0.0,0.11819355227721559,0.0,14.308279717111912,0.0,10416.321306478327,0.0,13646.226936225263,0.48353900057464344,0.2676943916694696,53.688671557523996,0.6719225357774462,0.1960423770312325,0.019041053881830014,0.0,0.0,1970.8475886994306,0.9156129295937818,8.296893109780605,30.002868197666793,2.985265633540981,1.4090235660484025,11.702380327616194,74.93847615371612,0.10701723899182806,34463.15974395402,277.4263865717051
0.07768449003611701,0.014629643147307907,0.0,0.0,0.027790559979957948,0.026111108720408668,0.03409149068818322,0.04030837154823107,0.07252826918081405,0.0,0.11183896929670574,0.09000163780416798,1.0858625344406496,99.98969002004772,304.296072339826,47.738109456063405,191.29414066204987,1.698198191155448,0.0,0.04606779890212812,1.200228668054435,0.2523874595124493,0.5407563619035468,10.003726249823863,0.0,3.6597675924239983,4.933258247315579,65.63481312394434,2.7393664047727877,0.057259157990241685,0.1159200357434309,0.050334061465604596,26.727622089355524,0.0,7662.919776855117,0.11741705205437314,8411.47540307868,0.6315027428938127,0.6753097482350565,37.14180407659366,0.8432067487855479,0.4199618001897784,0.0,0.10331572352434681,0.0,632.7256995687052,0.05854045005652906,9.585948358005211,28.381867895483747,4.522479994894514,5.676833593661545,7.961427988206885,24.12391315815555,0.004912340271643115,27560.385300907066,274.8044040647301
0.0,0.0,0.0,0.012422663147638215,0.09558240917430505,0.07588807963308083,0.012193993091560357,0.03897170360124143,0.0,0.07320446753344008,0.0,0.04564140805430812,1.0247794855099888,99.96220703066228,220.28650726216313,145.3080135648422,290.53541429760986,0.9720856999688036,0.03788710011003558,0.06026726487133405,0.6439547158093286,0.5919152758075753,0.32216025016815797,13.033379230243842,0.0,7.283280667508243,68.14001250465834,4.756941311988565,23.61104291603239,0.06674372113606351,0.0,0.10960189960533977,3.4694148962635243,0.044754823137064165,4331.063970461468,0.053579243200661895,8159.309914940153,0.6129370254530546,0.7830685065276937,45.899243047888284,0.8115507558407251,0.3425696383264814,0.0,0.0308027839315588,0.0,1615.7455773620584,0.0033652652329676,9.811862838825235,24.255825632245102,3.881895734674438,0.4235840615087159,6.346150889436921,45.66655972001835,0.0,15045.935118717669,271.2540432229818
0.31295207483763793,0.12689940146912976,0.008602946118312943,0.541581921784661,0.8576407152283247,0.0,0.0,0.1288843979037535,0.0,0.0,0.0,0.02011311723321887,1.0474628650926454,99.9768107814311,1124.0483182308635,776.4762778539313,1661.0452546915974,5.806953410464831,0.015576109093427068,0.0593521075333191,4.312641328987964,0.5337473364191822,1.7612647115938502,32.63483453824993,0.06619307633110257,7.24671489425418,63.81407915731408,31.750801833150675,0.09497993689897033,0.44575860753593116,0.9984567944401033,0.6145695272810144,2.2823091972147984,0.0,6073.621199189768,0.0,6349.9709400503925,0.4923518680466404,0.3372747258118122,128.1205690327323,0.8231247469438963,0.3795072545458223,0.02947101308001358,0.0,0.028302872941603358,832.7114080045798,5.959103135478676,8.565703535214281,23.697341086166723,3.7494079912270735,0.41219182249099545,71.68993981820094,23.06374726581511,0.06580679259252407,17197.484245885593,274.82092542935027
0.9751533987441011,0.0,0.0,0.0,0.0,0.0,0.012933057392769407,1.010636988792883,0.03914368674742863,0.0,0.020402642341837786,0.027539878613683164,1.0222386903915797,99.95871731585989,232.77815037411358,9.126673076802733,19.8692554033454,0.6232836640814458,0.007265651198674004,0.11062671296986211,0.4625889625621508,0.421596145107234,0.24586476398556992,3.0258976125233286,0.06410714527082073,2.8425135442045555,2.1065690126287495,7.259521103062574,3.782892673152973,28.486934365896083,0.051472874079917866,58.203615769001416,0.2228490343963136,0.04100790933777423,109.20003436974838,0.0040637049007757695,2375.70800784955,0.116587850560087,0.06184537485535325,138.53681410200753,0.3655006935808416,0.05442350720151355,0.01017558984052378,0.061460739214852525,0.03015473424744168,1144.0696402360627,1.1242594958339445,9.970320489548898,21.72783203689995,5.5529325433211385,2.9608310982352726,1.0866585872259202,19.079937855587715,0.05287025526891126,697.1124557500037,272.14083586344026
0.05167593544911791,0.0,0.0,0.0,0.0,0.04214322754718191,0.0,0.020787119318403522,0.0,0.017253136559342085,0.0,0.017925185643837296,0.9818086889607316,99.88962933229625,381.5222439128914,127.91641188825601,331.749315290427,6.112506421606178,0.0,0.0,4.321478912215175,0.375809343277836,1.7976043696054558,20.571509934893474,0.0,8.343473165265491,80.2538872609607,5.757690027240595,0.27463133987010174,0.09125887899221963,0.01985757007333614,0.4776133289720608,13.032421414304565,0.0,2588.1050355972925,0.0,4716.722910138479,0.5228387307221762,0.40991061940378165,134.78893890767102,0.6926547257010506,0.33630153346260977,0.007124949710036865,0.0,0.10461496224832925,1903.8817227248644,1.0363725500698222,7.806265760744194,25.247268935614944,3.285614139384741,0.54167667822824,10.789333076618302,30.784779226577196,0.10426751912210715,11222.905882493931,274.2150343944362
0.08032596992242844,0.0837421830268789,0.07642630097894469,0.027369858161539924,0.019025085421915038,0.0,0.03847166183186429,0.0,0.0,0.0,0.09435005032198103,0.0,0.9810810622172712,100.014388608403,151.56727275318426,104.43716553696056,246.2939758887426,1.489780287601723,0.007941116961465412,0.016237893602395012,1.1407648033222966,0.46500419945817395,0.45216432931826256,11.195536478938838,0.04823675971046492,4.069975660210342,2.2035595735640574,74.91564488862609,1.4601783837390172,0.0,0.03657794815123754,0.07823730952822874,21.47982451785821,0.0,11946.084310181772,0.0,13874.152663717448,0.05714161320432706,0.08212047002733677,52.29183468323335,0.4340555746474333,0.2373664759683588,0.01056520448138133,0.0,0.04175602380275334,469.7916316406291,0.02451230843857244,9.73272769493492,30.29702885167998,4.230167816875226,3.907670772082334,6.044983747454798,40.50455600042751,0.0,48609.529408978095,271.5887195419131
0.0,0.051588095224981236,0.025533944158301944,0.0,0.9981129101895699,0.019297836812931637,0.0,0.0,0.013922939472370513,0.11056214751412807,0.0,0.07846205906423544,0.9623855589119266,100.01077728175049,329.06790832654383,75.64335241670143,208.50177581755594,2.2073868930675187,0.09337553376346104,0.015029547231956564,1.5442284811734828,0.35351242213701584,0.7877069422822688,13.621335045816908,0.0,3.548020804175873,71.90870494529437,7.978179213692309,7.722732099641226,0.0,0.0,0.0,12.336646423241374,0.024074766028356228,9049.647641786642,0.08461163347929199,11156.689884683661,0.6810738302009491,0.6785358609852303,56.40433552499253,0.7389181590552754,0.19824669247751686,0.07027240478581417,0.0,0.026868271246741245,1337.055873024393,1.9685850753991123,8.824578139785439,27.855155287537173,4.054560343712978,1.3561737527378628,17.013193700736185,12.170426717167974,0.00661726103442673,36606.85702741322,276.0925001032204
0.0,0.0,0.0007991883361099227,0.0,0.025576283605894368,0.004062353811990124,0.0,0.04628812252284887,0.0,0.0,0.0,0.0,1.0262406851504675,99.93629012597796,1301.6639561090649,818.8031226491707,4506.113340547429,20.3747740051544,0.0,0.0,14.13145378952941,0.24882970377722496,6.0871131508945835,88.40200826051357,0.04121450573421262,15.20064849562135,32.83509589153207,38.62575559772159,2.2404112004574572,0.008929429941682514,15.011090557416548,0.06608606860078994,3.9328755574136722,7.532404357940046,24958.504222061194,0.039450000457257196,24151.169764992683,0.20532273407801638,0.03608581621170984,46.20698351062018,0.38405532060900893,0.22782917264953656,0.07302686009092567,0.0,0.0,636.7011810301208,4.956036276895966,7.677648382790916,31.60367916368969,2.9426876494585716,0.7514535851838929,13.170841032550914,341.9350361170895,0.039011978610012085,33691.03272636716,392.2195060274968
0.0,0.0,0.0661446057209917,0.0817549414662079,0.0,0.023519208104657897,0.06908192513562932,0.0,0.07596717653494113,0.03836737847801666,0.02254550997358116,0.0,1.0046054961341082,99.9776293001497,643.4809099581588,120.54983329668893,287.22938421789473,1.137780361796478,0.0,0.0,0.8487846025958664,0.38550009287032544,0.4184495178953418,8.062912676249816,0.0,2.165732671930087,7.181717665492387,8.623639999776152,1.3204418214776814,73.93352672394217,0.013266996385690694,3.3688066104514416,5.51116543053228,0.034273648074202086,3797.5319916712792,0.0,9988.749173068976,0.464299687654826,0.3016242388519229,126.67021945644372,0.6199812672329588,0.11565665746084283,0.0408981240204088,0.061267489604669156,0.0,919.7844087093182,2.9595160427383265,9.357032743166261,22.76956420535662,3.6205498553398887,10.683950676893339,45.51235336798277,6.34891988595962,0.0,12517.470175479059,313.9285574338403
0.05854219777573349,0.0,0.0,0.05105237315127656,0.0,0.0,0.0,0.014678914104241103,0.027844988885273737,0.02865801114942621,0.0754109130690088,0.027699771386049638,1.0124469888468137,100.12166935048147,345.85228744929293,351.83205354167825,779.3248563329447,5.546874147844487,0.0,0.0,4.0271908948924855,0.5108178258974546,1.5559274199581978,25.115348827484244,0.0,6.558699300711243,60.49851995091,12.2661820837154,11.939336765047113,0.028200890140091237,0.0,0.45086717939407717,14.72824689870705,0.03820465626294127,3957.357456544029,0.014268688223037007,6502.630093138578,0.8303356044811376,0.7186466779430236,65.12418028461838,0.7734622967275772,0.3584466586846635,0.0027084815307249696,0.0,0.0,1958.6456964310657,2.059369242208505,8.462176822087125,31.80818418545852,3.813972166350059,1.2476252737603193,16.207074250706558,48.38599434237734,0.06082151001668608,13125.674937352353,279.6778811352347
1.011449819622967,0.0,0.03016237502856969,0.014907923299526282,0.03193300843215512,0.05290591625435751,0.018380992010485545,0.0074044709899138104,0.0,0.0,0.05933673100886655,1.071816770285299,0.9880944781843973,100.00230013736267,885.0550353812503,601.7944630422634,1610.7899238411844,14.918964991823186,0.0,0.0,10.764864906126279,0.40632447688628853,4.477318841122619,27.872192095477317,0.04308379544617856,7.49775720712728,57.21418629497181,35.01777214005528,6.73850993545983,0.006714824862389644,0.2639798931188018,0.3277028885557953,0.5069148464871871,0.0015015739582041087,15811.13189082277,0.04386678227514678,22512.255795338875,0.14507099142144997,0.03343399530167748,132.45741665090344,0.2731213046957747,0.1142180563038962,0.07250221025740183,31.731831957173245,31.920070659304407,726.8949603740551,1.9396489176071392,7.773605474347538,26.91601684136041,2.5968644230028635,1.007673817470202,13.338591337118237,121.2930855438143,0.0,13680.39440124877,321.187463565818
0.041455814212840565,0.0,0.0,0.0,0.13474111660977553,0.031765589179103444,0.0,0.0,0.04026156364834552,0.04524600748295668,0.03990538565422052,0.0,1.0152921822207088,100.00554575488167,261.9495246813781,264.0411240078562,524.1505885522272,3.1258422370521832,0.026377061542110572,0.039551594934685914,2.3726032071248766,0.4652047806941977,0.9777526579362691,19.063430400826434,0.0,5.257210865178463,1.2356720721651964,83.81542951916785,0.015242634522055308,0.02257525543556968,1.8268007851541395,0.0,13.124899866914916,0.05499343123626665,12623.27975187487,0.0,12419.883131504846,0.26129542632100716,0.0,146.1858978715684,0.4037400027698558,0.2497934790324015,0.014402048099437473,0.05473614421198422,0.0,500.31264547613983,0.9221619566941387,9.036794536418132,24.612598075827847,3.9797432150703402,9.30459550427348,10.701152128445592,48.675107873561785,0.04826310544333317,31419.606626881763,274.7073977405559
0.0,0.0,0.03475642857726668,0.0,0.0,0.03384112899279292,0.0,0.0,0.12323509921610823,0.0,0.0,0.0,46.08945113704545,61.8399371346979,54.07775791374228,54.955376859853885,313.8768124171165,2.8483408216144253,0.013340394809978591,0.06436362856515904,2.078147132342448,0.13824663112718688,0.8906686334544288,15.689679207417395,0.028786831450187893,8.536478462748951,0.0,46.546220926533245,0.923611344009086,0.015636157339365016,49.30570470595469,0.14162698405869675,3.34277138745622,0.08200141309214817,5390.746862107721,0.0,9979.423059953886,0.36487285688985344,0.0533783007660951,145.13216028409371,0.5133825077191334,0.18618046075298086,0.006079673326302548,100.0267442618727,99.94782726309239,278.44042980473614,0.0,8.887129978136239,27.25444889285801,3.9805312848614096,1.4500520419821445,4.995014285280901,63.591703183155275,0.0,19890.49233868126,276.45671907248374
0.0,0.0057468027196937626,0.011925243690429757,0.011806740697950721,0.0,0.0,0.006337243307540763,0.0,0.013572639713830412,0.0,0.050000001303862174,0.07813424752854678,0.9851267912671371,100.0460129380485,352.8136450729212,281.51309544016294,1518.6732331129722,6.55758069703781,0.0,0.03128229407227483,4.655787346446818,0.23502719787345772,2.044407310688568,40.791550395858195,0.0,8.38006764708515,95.2884936343418,3.8830425297470095,0.8521146736851276,0.0,0.0,0.09068775242507505,0.03423413438031748,0.0,5666.8555502113495,0.04701161286865148,8447.01034576027,0.4736092666998656,0.048364379492837076,63.92413185693484,0.713037068174625,0.31049610338313727,0.0,0.02031264913660844,0.029544586293803646,1365.3781793627581,0.0,8.026812090592548,26.521848402694875,2.821479943974919,2.3755666212144835,73.74726366069977,20.649595817559465,0.0,26427.967533529416,275.6761977636413
0.9448316696913063,0.0,0.019428930226548208,0.12464997587163953,0.9996964544230054,0.041924538722582096,0.004091467927378251,0.0,0.04595382414938843,0.0,0.013369615703595149,0.016084890309800683,0.9665954773178476,100.04960211747682,888.8118109121652,330.69939764202536,609.0667424921785,2.329108720910448,0.0007106718684564125,0.0,1.7996383992915788,0.5667349116439977,0.7243522090627428,14.974062444960014,0.06920656145086568,8.665685010317592,0.700517630992169,25.63440818838249,0.19674431684623137,66.96473876478227,0.009524389892035842,4.480651434850728,1.8428324962448555,0.026484637717836542,3912.0896440610973,0.0244580821913101,7482.927457720741,0.5422266716823064,0.5307932303090623,51.266695622213916,0.6996772628579446,0.4189864364998102,0.07889545861718487,0.060938092584865836,0.0,769.6745363068425,25.007433372860106,9.233874580444098,27.252143896822954,3.9224869036755936,0.8207787080729386,5.2316541871187745,116.61234899905249,0.0001540710076707235,10551.002346908486,282.76491271373936
0.3875751732750172,0.0,0.0,0.0,0.4927483154235789,0.0,0.020404802928497227,0.0,0.04670707211168473,0.021672622084974037,0.0,0.08004539959444577,1.0778208017785884,100.04664476775969,320.7410895614716,126.77318025463589,492.52084752612365,6.354174879885647,0.057711384586676934,0.07891850387486428,4.502635735509019,0.3244346599322756,2.030649849036722,61.315545756918915,0.0,58.79671878499924,80.92949727996917,3.233744379218578,0.1976719016920287,0.16844661874025105,0.0,0.8903869777992075,14.579016988541149,0.04582838068888506,7042.707314364356,0.0,7094.633463877114,0.3270389709558647,0.20891177940638106,127.13414737565822,0.6574317432687313,0.35757098799464754,0.04598754341217488,0.0,0.0,2064.4510331140355,12.002185519849599,7.9127869741066705,23.093981277890794,2.6229911304199702,1.6794758349817716,13.535951916656169,36.435617555966225,0.0,32658.237130677517,276.6334658588453
1.0405698277245796,0.0,0.04093888218774303,0.07689659592062764,0.8008727596877793,0.0,0.05088307334217512,0.15657476554128238,0.027573813761976165,0.01702946082002484,0.019534796046407208,0.0,1.0523658853310724,100.05847949962138,427.24945696279656,271.15319235250934,580.6778696248722,6.694671461800892,0.026968942085707208,0.0,4.942560598993525,0.450296138451003,2.05898990529468,33.969436853065396,0.0,9.81738931210486,52.71126539610205,38.861523653558336,1.3134263702164166,0.1313023585720753,0.0,0.09967114496306602,6.927479195210271,0.06907270393452433,9435.401551865245,0.03458139026225972,10349.208731261473,0.722574360766553,0.3707312064506747,159.16227960998418,0.7217207167206802,0.159882947384187,0.0,0.0,0.0,1736.4638330005444,5.034102603285631,8.114422667766796,27.5677266179315,3.442736092026769,6.093480864515147,16.606807093545964,35.024431943395804,0.03713594091798612,30072.158502447634,275.14979507888364
0.0,0.0,0.002354763396990488,0.04407352153283657,0.02697489838343547,0.009472178099001208,0.057345547683167124,0.006381041104969412,0.0,0.0,0.027617399678435413,0.0,26.01744058859424,99.87152002086117,492.3783052907662,494.38966413441847,1976.0182532045378,8.528896806385587,0.0,0.0,6.261020634088005,0.3269152264167555,2.641177158059189,45.75316077752372,0.018683696001696896,11.312024923442687,0.010521149971054343,49.27214552101344,0.011764264439349007,0.0,29.232037607131122,0.0,2.351752825455348,19.081825284335224,12636.88346363075,0.023714813803533148,10082.61222461386,0.6236347443999233,0.6620445464532518,137.3588516338928,0.6678207954455132,0.39500338186276934,0.0,63.54475643028165,63.57463530460743,204.01981353906854,0.018565134651294692,8.711569139030386,28.43908532856701,3.198953666533833,0.24359913240271208,18.187850988820294,108.93506904860527,0.0,17378.323730407486,294.1727645417924
0.0,0.0,0.0,0.945193162224157,0.0,0.060438397042381735,0.1596503642708154,0.963858701793744,0.0,0.0,0.02253947145379153,0.01721104559189751,1.005046290115707,99.97778481414656,295.0800007349582,120.49025595146539,350.9316119909924,8.143834844349792,0.0,0.0,5.850646004777177,0.36415813288022975,2.531605462830941,38.422756770758454,0.010837393148549677,14.419278117632933,83.83607013968648,1.5064213472109995,0.028863519514944147,5.697706169319689,0.024224108054967598,1.6651389686041944,7.364585724877805,0.0,999.949775008926,0.01605926428529776,3219.4170284840147,0.16578907679051624,0.06510005913793135,140.61623010157834,0.5065605244413246,0.30802189501316346,0.0,0.06411988047372105,24.8627748150784,2793.751902340187,1.0447538131661431,7.8030414534138774,23.91090676167789,3.436198709037932,0.4639364351396311,8.290909466152325,41.90614181358188,0.042066539205782696,3868.990480421555,279.9361194117624
